detector,generator,acc
AEROBLADE,FLUX-LoRA,0.5
AEROBLADE,FLUX-dev,0.5
AEROBLADE,SD2.1,0.5
AEROBLADE,SD3,0.5
AEROBLADE,SD3.5,0.5
FreqNet,FLUX-LoRA,0.84
FreqNet,FLUX-dev,0.825
FreqNet,SD2.1,0.465
FreqNet,SD3,0.445
FreqNet,SD3.5,0.9
D3,FLUX-LoRA,0.875
D3,FLUX-dev,0.96
D3,SD2.1,0.81
D3,SD3,0.825
D3,SD3.5,0.985
NPR,FLUX-LoRA,0.755
NPR,FLUX-dev,0.8
NPR,SD2.1,0.35
NPR,SD3,0.37
NPR,SD3.5,0.745
DDA,FLUX-LoRA,0.61
DDA,FLUX-dev,0.68
DDA,SD2.1,0.97
DDA,SD3,0.665
DDA,SD3.5,0.975
PGC,FLUX-LoRA,0.535
PGC,FLUX-dev,0.54
PGC,SD2.1,0.81
PGC,SD3,0.575
PGC,SD3.5,0.74
FerretNet,FLUX-LoRA,0.95
FerretNet,FLUX-dev,0.935
FerretNet,SD2.1,0.505
FerretNet,SD3,0.49
FerretNet,SD3.5,0.985
DGS-Net,FLUX-LoRA,0.665
DGS-Net,FLUX-dev,0.925
DGS-Net,SD2.1,0.455
DGS-Net,SD3,0.425
DGS-Net,SD3.5,0.94
C2P-CLIP,FLUX-LoRA,0.505
C2P-CLIP,FLUX-dev,0.525
C2P-CLIP,SD2.1,0.5
C2P-CLIP,SD3,0.5
C2P-CLIP,SD3.5,0.6
OmniAID,FLUX-LoRA,0.86
OmniAID,FLUX-dev,0.895
OmniAID,SD2.1,0.98
OmniAID,SD3,0.915
OmniAID,SD3.5,0.925
PROBE,FLUX-LoRA,0.51
PROBE,FLUX-dev,0.495
PROBE,SD2.1,0.995
PROBE,SD3,0.66
PROBE,SD3.5,0.93
FatFormer,FLUX-LoRA,0.51
FatFormer,FLUX-dev,0.49
FatFormer,SD2.1,0.495
FatFormer,SD3,0.49
FatFormer,SD3.5,0.63
WaRPAD,FLUX-LoRA,0.5
WaRPAD,FLUX-dev,0.5
WaRPAD,SD2.1,0.5
WaRPAD,SD3,0.5
WaRPAD,SD3.5,0.5
SICA,FLUX-LoRA,0.905
SICA,FLUX-dev,0.97
SICA,SD2.1,0.955
SICA,SD3,0.96
SICA,SD3.5,0.985
UFD,FLUX-LoRA,0.49
UFD,FLUX-dev,0.485
UFD,SD2.1,0.495
UFD,SD3,0.5
UFD,SD3.5,0.505
AllPatchesMatter,FLUX-LoRA,0.58
AllPatchesMatter,FLUX-dev,0.595
AllPatchesMatter,SD2.1,0.525
AllPatchesMatter,SD3,0.55
AllPatchesMatter,SD3.5,0.975
FIRE,FLUX-LoRA,0.5
FIRE,FLUX-dev,0.5
FIRE,SD2.1,0.495
FIRE,SD3,0.5
FIRE,SD3.5,0.5
DEAR,FLUX-LoRA,0.69
DEAR,FLUX-dev,0.82
DEAR,SD2.1,0.805
DEAR,SD3,0.52
DEAR,SD3.5,0.94
IAPL,FLUX-LoRA,0.49
IAPL,FLUX-dev,0.5
IAPL,SD2.1,0.5
IAPL,SD3,0.515
IAPL,SD3.5,0.625
ForensicConcept,FLUX-LoRA,0.54
ForensicConcept,FLUX-dev,0.625
ForensicConcept,SD2.1,0.55
ForensicConcept,SD3,0.585
ForensicConcept,SD3.5,0.89
AEROBLADE,Boreal-FLUX,0.5
AEROBLADE,HiDream-O1,0.5
FreqNet,Boreal-FLUX,0.81
FreqNet,HiDream-O1,0.785
D3,Boreal-FLUX,0.81
D3,HiDream-O1,0.915
NPR,Boreal-FLUX,0.8
NPR,HiDream-O1,0.8
DDA,Boreal-FLUX,0.62
DDA,HiDream-O1,0.825
PGC,Boreal-FLUX,0.54
PGC,HiDream-O1,0.695
FerretNet,Boreal-FLUX,0.98
FerretNet,HiDream-O1,0.98
DGS-Net,Boreal-FLUX,0.845
DGS-Net,HiDream-O1,0.91
C2P-CLIP,Boreal-FLUX,0.515
C2P-CLIP,HiDream-O1,0.525
OmniAID,Boreal-FLUX,0.57
OmniAID,HiDream-O1,0.905
PROBE,Boreal-FLUX,0.495
PROBE,HiDream-O1,0.565
FatFormer,Boreal-FLUX,0.595
FatFormer,HiDream-O1,0.57
WaRPAD,Boreal-FLUX,0.5
WaRPAD,HiDream-O1,0.5
SICA,Boreal-FLUX,0.795
SICA,HiDream-O1,0.98
UFD,Boreal-FLUX,0.49
UFD,HiDream-O1,0.49
AllPatchesMatter,Boreal-FLUX,0.635
AllPatchesMatter,HiDream-O1,0.745
FIRE,Boreal-FLUX,0.5
FIRE,HiDream-O1,0.5
DEAR,Boreal-FLUX,0.565
DEAR,HiDream-O1,0.71
IAPL,Boreal-FLUX,0.535
IAPL,HiDream-O1,0.505
ForensicConcept,Boreal-FLUX,0.635
ForensicConcept,HiDream-O1,0.62
AEROBLADE,FLUX2-boreal,0.5
AEROBLADE,FLUX2-plain,0.5
FreqNet,FLUX2-boreal,0.745
FreqNet,FLUX2-plain,0.83
D3,FLUX2-boreal,0.76
D3,FLUX2-plain,0.93
NPR,FLUX2-boreal,0.8
NPR,FLUX2-plain,0.8
DDA,FLUX2-boreal,0.695
DDA,FLUX2-plain,0.85
PGC,FLUX2-boreal,0.495
PGC,FLUX2-plain,0.56
FerretNet,FLUX2-boreal,0.985
FerretNet,FLUX2-plain,0.87
DGS-Net,FLUX2-boreal,0.89
DGS-Net,FLUX2-plain,0.95
C2P-CLIP,FLUX2-boreal,0.505
C2P-CLIP,FLUX2-plain,0.5
OmniAID,FLUX2-boreal,0.575
OmniAID,FLUX2-plain,0.72
PROBE,FLUX2-boreal,0.51
PROBE,FLUX2-plain,0.555
FatFormer,FLUX2-boreal,0.52
FatFormer,FLUX2-plain,0.525
WaRPAD,FLUX2-boreal,0.5
WaRPAD,FLUX2-plain,0.5
SICA,FLUX2-boreal,0.705
SICA,FLUX2-plain,0.95
UFD,FLUX2-boreal,0.485
UFD,FLUX2-plain,0.49
AllPatchesMatter,FLUX2-boreal,0.645
AllPatchesMatter,FLUX2-plain,0.855
FIRE,FLUX2-boreal,0.5
FIRE,FLUX2-plain,0.5
DEAR,FLUX2-boreal,0.57
DEAR,FLUX2-plain,0.705
IAPL,FLUX2-boreal,0.5
IAPL,FLUX2-plain,0.5
ForensicConcept,FLUX2-boreal,0.58
ForensicConcept,FLUX2-plain,0.68
AEROBLADE,GPTimage2-photoreal,0.5
FreqNet,GPTimage2-photoreal,0.81
D3,GPTimage2-photoreal,0.84
NPR,GPTimage2-photoreal,0.795
DDA,GPTimage2-photoreal,0.565
PGC,GPTimage2-photoreal,0.59
FerretNet,GPTimage2-photoreal,0.995
DGS-Net,GPTimage2-photoreal,0.93
C2P-CLIP,GPTimage2-photoreal,0.51
OmniAID,GPTimage2-photoreal,0.505
PROBE,GPTimage2-photoreal,0.54
FatFormer,GPTimage2-photoreal,0.605
WaRPAD,GPTimage2-photoreal,0.5
SICA,GPTimage2-photoreal,0.7
UFD,GPTimage2-photoreal,0.5
AllPatchesMatter,GPTimage2-photoreal,0.92
FIRE,GPTimage2-photoreal,0.5
DEAR,GPTimage2-photoreal,0.51
IAPL,GPTimage2-photoreal,0.61
ForensicConcept,GPTimage2-photoreal,0.74
