generator,gen_year,label,path
FLUX2-plain,2025,1,/shared/home/sarim.hashmi/usenix/benchmark/live_norm/FLUX2-hf/A_bathroom_contains_a_shower__a_sink__and_a_mirror.png
FLUX2-plain,2025,1,/shared/home/sarim.hashmi/usenix/benchmark/live_norm/FLUX2-hf/A_bathroom_is_photographed_with_a_fisheye_filter.png
FLUX2-plain,2025,1,/shared/home/sarim.hashmi/usenix/benchmark/live_norm/FLUX2-hf/A_bathroom_with_a_stained_glass_and_stone_wall_and.png
FLUX2-plain,2025,1,/shared/home/sarim.hashmi/usenix/benchmark/live_norm/FLUX2-hf/A_bathroom_with_four_urinals_and_a_drain_on_the_fl.png
FLUX2-plain,2025,1,/shared/home/sarim.hashmi/usenix/benchmark/live_norm/FLUX2-hf/A_bathtub_sitting_under_a_chandelier_and_next_to_a.png
FLUX2-plain,2025,1,/shared/home/sarim.hashmi/usenix/benchmark/live_norm/FLUX2-hf/A_bird_is_sitting_on_a_bench_in_the_grass.png
FLUX2-plain,2025,1,/shared/home/sarim.hashmi/usenix/benchmark/live_norm/FLUX2-hf/A_bird_sitting_in_a_field_of_beautiful_purple_flow.png
FLUX2-plain,2025,1,/shared/home/sarim.hashmi/usenix/benchmark/live_norm/FLUX2-hf/A_bird_sitting_on_top__of_an_orange_slice.png
FLUX2-plain,2025,1,/shared/home/sarim.hashmi/usenix/benchmark/live_norm/FLUX2-hf/A_black_and_white_photo_of_an_old_locomotive.png
FLUX2-plain,2025,1,/shared/home/sarim.hashmi/usenix/benchmark/live_norm/FLUX2-hf/A_black_and_white_picture_of_a_stop_sign.png
FLUX2-plain,2025,1,/shared/home/sarim.hashmi/usenix/benchmark/live_norm/FLUX2-hf/A_black_bird_landing_on_the_leaves_in_the_water.png
FLUX2-plain,2025,1,/shared/home/sarim.hashmi/usenix/benchmark/live_norm/FLUX2-hf/A_black_lab_waits_at_a_picnic_table_for_it_s_maste.png
FLUX2-plain,2025,1,/shared/home/sarim.hashmi/usenix/benchmark/live_norm/FLUX2-hf/A_car_passes_by_to_find_a_man_outside_near_a_TV.png
FLUX2-plain,2025,1,/shared/home/sarim.hashmi/usenix/benchmark/live_norm/FLUX2-hf/A_cat_is_sitting_outdoors_near_a_park_bench.png
FLUX2-plain,2025,1,/shared/home/sarim.hashmi/usenix/benchmark/live_norm/FLUX2-hf/A_child_with_a_helmet_on_a_motor_bike.png
FLUX2-plain,2025,1,/shared/home/sarim.hashmi/usenix/benchmark/live_norm/FLUX2-hf/A_christmas_wreath_is_hanging_from_the_door.png
FLUX2-plain,2025,1,/shared/home/sarim.hashmi/usenix/benchmark/live_norm/FLUX2-hf/A_city_street_with_no_traffic_line_with_traffic_li.png
FLUX2-plain,2025,1,/shared/home/sarim.hashmi/usenix/benchmark/live_norm/FLUX2-hf/A_couple_of_people_walking_down_a_sidewalk_with_st.png
FLUX2-plain,2025,1,/shared/home/sarim.hashmi/usenix/benchmark/live_norm/FLUX2-hf/A_cow_standing_next_to_a_shelf_with_many_drinks.png
FLUX2-plain,2025,1,/shared/home/sarim.hashmi/usenix/benchmark/live_norm/FLUX2-hf/A_crossroads_sign_with_a_car_parked_nearby.png
FLUX2-plain,2025,1,/shared/home/sarim.hashmi/usenix/benchmark/live_norm/FLUX2-hf/A_crowd_of_passengers_standing_outside_of_a_commut.png
FLUX2-plain,2025,1,/shared/home/sarim.hashmi/usenix/benchmark/live_norm/FLUX2-hf/A_drawing_of_a_yellow_headphone_cord_and_an_ear_pi.png
FLUX2-plain,2025,1,/shared/home/sarim.hashmi/usenix/benchmark/live_norm/FLUX2-hf/A_foggy_day_shows_buildings_in_the_background_as_a.png
FLUX2-plain,2025,1,/shared/home/sarim.hashmi/usenix/benchmark/live_norm/FLUX2-hf/A_foggy_view_of_an_airplane_sitting_in_a_yard.png
FLUX2-plain,2025,1,/shared/home/sarim.hashmi/usenix/benchmark/live_norm/FLUX2-hf/A_giraffe_standing_in_a_lush_green_field.png
FLUX2-plain,2025,1,/shared/home/sarim.hashmi/usenix/benchmark/live_norm/FLUX2-hf/A_giraffe_sticking_its_head_in_a_feeding_basket_wi.png
FLUX2-plain,2025,1,/shared/home/sarim.hashmi/usenix/benchmark/live_norm/FLUX2-hf/A_giraffe_walking_through_the_jungle_next_to_mount.png
FLUX2-plain,2025,1,/shared/home/sarim.hashmi/usenix/benchmark/live_norm/FLUX2-hf/A_green_7th_street_sign_hanging_from_a_wooden_pole.png
FLUX2-plain,2025,1,/shared/home/sarim.hashmi/usenix/benchmark/live_norm/FLUX2-hf/A_group_of_friends_standing_next_to_each_other_at.png
FLUX2-plain,2025,1,/shared/home/sarim.hashmi/usenix/benchmark/live_norm/FLUX2-hf/A_group_of_people_fishing_next_to_a_railroad_bridg.png
FLUX2-plain,2025,1,/shared/home/sarim.hashmi/usenix/benchmark/live_norm/FLUX2-hf/A_group_of_people_with_a_cell_phone_the_side_of_a.png
FLUX2-plain,2025,1,/shared/home/sarim.hashmi/usenix/benchmark/live_norm/FLUX2-hf/A_hallway_with_yellow_painted_walls_and_a_light_mo.png
FLUX2-plain,2025,1,/shared/home/sarim.hashmi/usenix/benchmark/live_norm/FLUX2-hf/A_large_blue_octopus_kite_flies_above_the_people_h.png
FLUX2-plain,2025,1,/shared/home/sarim.hashmi/usenix/benchmark/live_norm/FLUX2-hf/A_man_has_stopped_in_the_middle_of_the_street_and.png
FLUX2-plain,2025,1,/shared/home/sarim.hashmi/usenix/benchmark/live_norm/FLUX2-hf/A_man_on_a_motorcycle_outside_in_a_black_and_white.png
FLUX2-plain,2025,1,/shared/home/sarim.hashmi/usenix/benchmark/live_norm/FLUX2-hf/A_man_sits_on_a_bench_and_stares_into_the_distance.png
FLUX2-plain,2025,1,/shared/home/sarim.hashmi/usenix/benchmark/live_norm/FLUX2-hf/A_man_walking_past_a_train_at_a_train_station.png
FLUX2-plain,2025,1,/shared/home/sarim.hashmi/usenix/benchmark/live_norm/FLUX2-hf/A_night_time_image_of_a_very_wide_and_crowded_city.png
FLUX2-plain,2025,1,/shared/home/sarim.hashmi/usenix/benchmark/live_norm/FLUX2-hf/A_park_bench_surrounded_by_a_green_forest_of_trees.png
FLUX2-plain,2025,1,/shared/home/sarim.hashmi/usenix/benchmark/live_norm/FLUX2-hf/A_park_with_many_trees_and_benches_at_night.png
FLUX2-plain,2025,1,/shared/home/sarim.hashmi/usenix/benchmark/live_norm/FLUX2-hf/A_person_standing_in_front_of_a_stop_sign_in_the_d.png
FLUX2-plain,2025,1,/shared/home/sarim.hashmi/usenix/benchmark/live_norm/FLUX2-hf/A_person_walking_down_a_sidewalk_at_night.png
FLUX2-plain,2025,1,/shared/home/sarim.hashmi/usenix/benchmark/live_norm/FLUX2-hf/A_photo_of_a_cat_in_black_and_white__The_person_ta.png
FLUX2-plain,2025,1,/shared/home/sarim.hashmi/usenix/benchmark/live_norm/FLUX2-hf/A_picture_of_people_watching_TV_in_the_living_room.png
FLUX2-plain,2025,1,/shared/home/sarim.hashmi/usenix/benchmark/live_norm/FLUX2-hf/A_railroad_train_heading_toward_a_traffic_light_on.png
FLUX2-plain,2025,1,/shared/home/sarim.hashmi/usenix/benchmark/live_norm/FLUX2-hf/A_red__grey_and_white_airplane_passes_overhead.png
FLUX2-plain,2025,1,/shared/home/sarim.hashmi/usenix/benchmark/live_norm/FLUX2-hf/A_red_fire_hydrant_with_a_green_cap_with_a_bird_on.png
FLUX2-plain,2025,1,/shared/home/sarim.hashmi/usenix/benchmark/live_norm/FLUX2-hf/A_series_of_photos_showing_different_restroom_item.png
FLUX2-plain,2025,1,/shared/home/sarim.hashmi/usenix/benchmark/live_norm/FLUX2-hf/A_sign_for_Davidson_College_outside_of_one_of_its.png
FLUX2-plain,2025,1,/shared/home/sarim.hashmi/usenix/benchmark/live_norm/FLUX2-hf/A_sign_littered_with_stickers_on_a_pole_with_a_cro.png
FLUX2-plain,2025,1,/shared/home/sarim.hashmi/usenix/benchmark/live_norm/FLUX2-hf/A_silver_miniature_train_with_trees_in_background.png
FLUX2-plain,2025,1,/shared/home/sarim.hashmi/usenix/benchmark/live_norm/FLUX2-hf/A_ski_resort_that_has_a_couple_people_outside.png
FLUX2-plain,2025,1,/shared/home/sarim.hashmi/usenix/benchmark/live_norm/FLUX2-hf/A_small_airplane_flying_through_a_blue_sky.png
FLUX2-plain,2025,1,/shared/home/sarim.hashmi/usenix/benchmark/live_norm/FLUX2-hf/A_small_lamb_with_a_blue_rope_tied_around_its_head.png
FLUX2-plain,2025,1,/shared/home/sarim.hashmi/usenix/benchmark/live_norm/FLUX2-hf/A_traffic_light_on_a_table_with_a_checkered_cloth.png
FLUX2-plain,2025,1,/shared/home/sarim.hashmi/usenix/benchmark/live_norm/FLUX2-hf/A_traffic_light_with_a_smile_green_light_above_a_r.png
FLUX2-plain,2025,1,/shared/home/sarim.hashmi/usenix/benchmark/live_norm/FLUX2-hf/A_trashcan_has_been_knocked_over_in_a_kitchen.png
FLUX2-plain,2025,1,/shared/home/sarim.hashmi/usenix/benchmark/live_norm/FLUX2-hf/A_very_cute_cat_looking_at_a_bird_by_a_bike_tire.png
FLUX2-plain,2025,1,/shared/home/sarim.hashmi/usenix/benchmark/live_norm/FLUX2-hf/A_very_nice_looking_train_by_a_plat_form.png
FLUX2-plain,2025,1,/shared/home/sarim.hashmi/usenix/benchmark/live_norm/FLUX2-hf/A_white_bus_sitting_on_top_of_a_grass_field.png
FLUX2-plain,2025,1,/shared/home/sarim.hashmi/usenix/benchmark/live_norm/FLUX2-hf/A_white_toilet_sitting_in_a_bathroom_under_a_white.png
FLUX2-plain,2025,1,/shared/home/sarim.hashmi/usenix/benchmark/live_norm/FLUX2-hf/A_woman_putting_on_a_lipstick_holding_a_sharp_knif.png
FLUX2-plain,2025,1,/shared/home/sarim.hashmi/usenix/benchmark/live_norm/FLUX2-hf/Adult_woman_taking_self_portrait_using_camera_look.png
FLUX2-plain,2025,1,/shared/home/sarim.hashmi/usenix/benchmark/live_norm/FLUX2-hf/An_airplane_crossing_above_a_metal_structure_on_a.png
FLUX2-plain,2025,1,/shared/home/sarim.hashmi/usenix/benchmark/live_norm/FLUX2-hf/An_airplane_flies_up_into_the_sky_with_the_wheel_o.png
FLUX2-plain,2025,1,/shared/home/sarim.hashmi/usenix/benchmark/live_norm/FLUX2-hf/An_empty_intersection_of_a_colorful_urban_area.png
FLUX2-plain,2025,1,/shared/home/sarim.hashmi/usenix/benchmark/live_norm/FLUX2-hf/An_old_black_and_white_photo_of_two_men_in_suits.png
FLUX2-plain,2025,1,/shared/home/sarim.hashmi/usenix/benchmark/live_norm/FLUX2-hf/An_orange_lying_next_to_a_green_utensil.png
FLUX2-plain,2025,1,/shared/home/sarim.hashmi/usenix/benchmark/live_norm/FLUX2-hf/Benches_line_the_sidewalk_of_a_city_park_in_autumn.png
FLUX2-plain,2025,1,/shared/home/sarim.hashmi/usenix/benchmark/live_norm/FLUX2-hf/Clear_blue_sky_s_with_a_plane_flying_by.png
FLUX2-plain,2025,1,/shared/home/sarim.hashmi/usenix/benchmark/live_norm/FLUX2-hf/Emergency_vehicles_are_on_the_scene_of_the_acciden.png
FLUX2-plain,2025,1,/shared/home/sarim.hashmi/usenix/benchmark/live_norm/FLUX2-hf/Four_officer_are_riding_motorcycles_with_giant_let.png
FLUX2-plain,2025,1,/shared/home/sarim.hashmi/usenix/benchmark/live_norm/FLUX2-hf/Heavy_snow_covers_a_picnic_bench_next_to_a_tree.png
FLUX2-plain,2025,1,/shared/home/sarim.hashmi/usenix/benchmark/live_norm/FLUX2-hf/Several_men_sitting_in_front_of_a_large_wall.png
FLUX2-plain,2025,1,/shared/home/sarim.hashmi/usenix/benchmark/live_norm/FLUX2-hf/Several_people_standing_together_with_a_red_stopli.png
FLUX2-plain,2025,1,/shared/home/sarim.hashmi/usenix/benchmark/live_norm/FLUX2-hf/Small_bird_sitting_on_a_skateboard_posed_in_front.png
FLUX2-plain,2025,1,/shared/home/sarim.hashmi/usenix/benchmark/live_norm/FLUX2-hf/Some_pans_and_kitchen_spoons_hang_from_hooks_on_a.png
FLUX2-plain,2025,1,/shared/home/sarim.hashmi/usenix/benchmark/live_norm/FLUX2-hf/Street_signs_are_affixed_to_a_utility_pole.png
FLUX2-plain,2025,1,/shared/home/sarim.hashmi/usenix/benchmark/live_norm/FLUX2-hf/That_looks_like_a_wall_mural_in_the_background_of.png
FLUX2-plain,2025,1,/shared/home/sarim.hashmi/usenix/benchmark/live_norm/FLUX2-hf/The_dog_with_a_cartoon_collar_is_looking_out_of_a.png
FLUX2-plain,2025,1,/shared/home/sarim.hashmi/usenix/benchmark/live_norm/FLUX2-hf/The_door_of_a_public_bus_with_a_reflection_of_a_wo.png
FLUX2-plain,2025,1,/shared/home/sarim.hashmi/usenix/benchmark/live_norm/FLUX2-hf/The_graveyard_in_front_of_the_church_is_very_spook.png
FLUX2-plain,2025,1,/shared/home/sarim.hashmi/usenix/benchmark/live_norm/FLUX2-hf/The_rear_view_mirror_of_a_cityh_bus_driving_down_a.png
FLUX2-plain,2025,1,/shared/home/sarim.hashmi/usenix/benchmark/live_norm/FLUX2-hf/The_reflection_of_a_woman__in_a_rear_view_mirror_s.png
FLUX2-plain,2025,1,/shared/home/sarim.hashmi/usenix/benchmark/live_norm/FLUX2-hf/There_is_a_bowl_of_fresh_fruit_on_the_table.png
FLUX2-plain,2025,1,/shared/home/sarim.hashmi/usenix/benchmark/live_norm/FLUX2-hf/This_is_an_open_box_containing_four_cucumbers.png
FLUX2-plain,2025,1,/shared/home/sarim.hashmi/usenix/benchmark/live_norm/FLUX2-hf/This_is_what_is_left_of_a_kitchen_in_an_abandoned.png
FLUX2-plain,2025,1,/shared/home/sarim.hashmi/usenix/benchmark/live_norm/FLUX2-hf/This_room_has_a_wall_with_a_mural_on_it.png
FLUX2-plain,2025,1,/shared/home/sarim.hashmi/usenix/benchmark/live_norm/FLUX2-hf/Two_children_under_a_Sesame_Street_sign_on_a_light.png
FLUX2-plain,2025,1,/shared/home/sarim.hashmi/usenix/benchmark/live_norm/FLUX2-hf/a_big_field_of_sheep_that_are_outside.png
FLUX2-plain,2025,1,/shared/home/sarim.hashmi/usenix/benchmark/live_norm/FLUX2-hf/a_bird_flying_thru_the_sky_with_mountains_in_the_b.png
FLUX2-plain,2025,1,/shared/home/sarim.hashmi/usenix/benchmark/live_norm/FLUX2-hf/a_giraffe_leaning_over_a_fence_to_eat_out_of_a_bow.png
FLUX2-plain,2025,1,/shared/home/sarim.hashmi/usenix/benchmark/live_norm/FLUX2-hf/a_man_on_a_motorcycle_driving_down_a_track.png
FLUX2-plain,2025,1,/shared/home/sarim.hashmi/usenix/benchmark/live_norm/FLUX2-hf/a_person_with_a_bat_near_many_tvs.png
FLUX2-plain,2025,1,/shared/home/sarim.hashmi/usenix/benchmark/live_norm/FLUX2-hf/a_pic_with_a_hydrant_outside_in_the_field.png
FLUX2-plain,2025,1,/shared/home/sarim.hashmi/usenix/benchmark/live_norm/FLUX2-hf/a_pole_that_has_a_sign_attached_to_it.png
FLUX2-plain,2025,1,/shared/home/sarim.hashmi/usenix/benchmark/live_norm/FLUX2-hf/a_small_plane_is_flying_in_the_sky.png
FLUX2-plain,2025,1,/shared/home/sarim.hashmi/usenix/benchmark/live_norm/FLUX2-hf/a_sunset_over_the_water_with_birds_in_the_air.png
FLUX2-plain,2025,1,/shared/home/sarim.hashmi/usenix/benchmark/live_norm/FLUX2-hf/ranodm_bus_pulled_over_on_the_side_of_the_road.png
FLUX2-plain,2025,1,/shared/home/sarim.hashmi/usenix/benchmark/live_norm/FLUX2-hf/some_black_and_white_train_cars_and_some_train_tra.png
FLUX2-plain,2025,0,/shared/home/sarim.hashmi/usenix/benchmark/normalized/FLUX-dev/real/A_bathroom_contains_a_shower__a_sink__and_a_mirror.png
FLUX2-plain,2025,0,/shared/home/sarim.hashmi/usenix/benchmark/normalized/FLUX-dev/real/A_bathroom_is_photographed_with_a_fisheye_filter.png
FLUX2-plain,2025,0,/shared/home/sarim.hashmi/usenix/benchmark/normalized/FLUX-dev/real/A_bathroom_with_a_stained_glass_and_stone_wall_and.png
FLUX2-plain,2025,0,/shared/home/sarim.hashmi/usenix/benchmark/normalized/FLUX-dev/real/A_bathroom_with_four_urinals_and_a_drain_on_the_fl.png
FLUX2-plain,2025,0,/shared/home/sarim.hashmi/usenix/benchmark/normalized/FLUX-dev/real/A_bathtub_sitting_under_a_chandelier_and_next_to_a.png
FLUX2-plain,2025,0,/shared/home/sarim.hashmi/usenix/benchmark/normalized/FLUX-dev/real/A_bird_is_sitting_on_a_bench_in_the_grass.png
FLUX2-plain,2025,0,/shared/home/sarim.hashmi/usenix/benchmark/normalized/FLUX-dev/real/A_bird_sitting_in_a_field_of_beautiful_purple_flow.png
FLUX2-plain,2025,0,/shared/home/sarim.hashmi/usenix/benchmark/normalized/FLUX-dev/real/A_bird_sitting_on_top__of_an_orange_slice.png
FLUX2-plain,2025,0,/shared/home/sarim.hashmi/usenix/benchmark/normalized/FLUX-dev/real/A_black_and_white_photo_of_an_old_locomotive.png
FLUX2-plain,2025,0,/shared/home/sarim.hashmi/usenix/benchmark/normalized/FLUX-dev/real/A_black_and_white_picture_of_a_stop_sign.png
FLUX2-plain,2025,0,/shared/home/sarim.hashmi/usenix/benchmark/normalized/FLUX-dev/real/A_black_bird_landing_on_the_leaves_in_the_water.png
FLUX2-plain,2025,0,/shared/home/sarim.hashmi/usenix/benchmark/normalized/FLUX-dev/real/A_black_lab_waits_at_a_picnic_table_for_it_s_maste.png
FLUX2-plain,2025,0,/shared/home/sarim.hashmi/usenix/benchmark/normalized/FLUX-dev/real/A_car_passes_by_to_find_a_man_outside_near_a_TV.png
FLUX2-plain,2025,0,/shared/home/sarim.hashmi/usenix/benchmark/normalized/FLUX-dev/real/A_cat_is_sitting_outdoors_near_a_park_bench.png
FLUX2-plain,2025,0,/shared/home/sarim.hashmi/usenix/benchmark/normalized/FLUX-dev/real/A_child_with_a_helmet_on_a_motor_bike.png
FLUX2-plain,2025,0,/shared/home/sarim.hashmi/usenix/benchmark/normalized/FLUX-dev/real/A_christmas_wreath_is_hanging_from_the_door.png
FLUX2-plain,2025,0,/shared/home/sarim.hashmi/usenix/benchmark/normalized/FLUX-dev/real/A_city_street_with_no_traffic_line_with_traffic_li.png
FLUX2-plain,2025,0,/shared/home/sarim.hashmi/usenix/benchmark/normalized/FLUX-dev/real/A_couple_of_people_walking_down_a_sidewalk_with_st.png
FLUX2-plain,2025,0,/shared/home/sarim.hashmi/usenix/benchmark/normalized/FLUX-dev/real/A_cow_standing_next_to_a_shelf_with_many_drinks.png
FLUX2-plain,2025,0,/shared/home/sarim.hashmi/usenix/benchmark/normalized/FLUX-dev/real/A_crossroads_sign_with_a_car_parked_nearby.png
FLUX2-plain,2025,0,/shared/home/sarim.hashmi/usenix/benchmark/normalized/FLUX-dev/real/A_crowd_of_passengers_standing_outside_of_a_commut.png
FLUX2-plain,2025,0,/shared/home/sarim.hashmi/usenix/benchmark/normalized/FLUX-dev/real/A_drawing_of_a_yellow_headphone_cord_and_an_ear_pi.png
FLUX2-plain,2025,0,/shared/home/sarim.hashmi/usenix/benchmark/normalized/FLUX-dev/real/A_foggy_day_shows_buildings_in_the_background_as_a.png
FLUX2-plain,2025,0,/shared/home/sarim.hashmi/usenix/benchmark/normalized/FLUX-dev/real/A_foggy_view_of_an_airplane_sitting_in_a_yard.png
FLUX2-plain,2025,0,/shared/home/sarim.hashmi/usenix/benchmark/normalized/FLUX-dev/real/A_giraffe_standing_in_a_lush_green_field.png
FLUX2-plain,2025,0,/shared/home/sarim.hashmi/usenix/benchmark/normalized/FLUX-dev/real/A_giraffe_sticking_its_head_in_a_feeding_basket_wi.png
FLUX2-plain,2025,0,/shared/home/sarim.hashmi/usenix/benchmark/normalized/FLUX-dev/real/A_giraffe_walking_through_the_jungle_next_to_mount.png
FLUX2-plain,2025,0,/shared/home/sarim.hashmi/usenix/benchmark/normalized/FLUX-dev/real/A_green_7th_street_sign_hanging_from_a_wooden_pole.png
FLUX2-plain,2025,0,/shared/home/sarim.hashmi/usenix/benchmark/normalized/FLUX-dev/real/A_group_of_friends_standing_next_to_each_other_at.png
FLUX2-plain,2025,0,/shared/home/sarim.hashmi/usenix/benchmark/normalized/FLUX-dev/real/A_group_of_people_fishing_next_to_a_railroad_bridg.png
FLUX2-plain,2025,0,/shared/home/sarim.hashmi/usenix/benchmark/normalized/FLUX-dev/real/A_group_of_people_with_a_cell_phone_the_side_of_a.png
FLUX2-plain,2025,0,/shared/home/sarim.hashmi/usenix/benchmark/normalized/FLUX-dev/real/A_hallway_with_yellow_painted_walls_and_a_light_mo.png
FLUX2-plain,2025,0,/shared/home/sarim.hashmi/usenix/benchmark/normalized/FLUX-dev/real/A_large_blue_octopus_kite_flies_above_the_people_h.png
FLUX2-plain,2025,0,/shared/home/sarim.hashmi/usenix/benchmark/normalized/FLUX-dev/real/A_man_has_stopped_in_the_middle_of_the_street_and.png
FLUX2-plain,2025,0,/shared/home/sarim.hashmi/usenix/benchmark/normalized/FLUX-dev/real/A_man_on_a_motorcycle_outside_in_a_black_and_white.png
FLUX2-plain,2025,0,/shared/home/sarim.hashmi/usenix/benchmark/normalized/FLUX-dev/real/A_man_sits_on_a_bench_and_stares_into_the_distance.png
FLUX2-plain,2025,0,/shared/home/sarim.hashmi/usenix/benchmark/normalized/FLUX-dev/real/A_man_walking_past_a_train_at_a_train_station.png
FLUX2-plain,2025,0,/shared/home/sarim.hashmi/usenix/benchmark/normalized/FLUX-dev/real/A_night_time_image_of_a_very_wide_and_crowded_city.png
FLUX2-plain,2025,0,/shared/home/sarim.hashmi/usenix/benchmark/normalized/FLUX-dev/real/A_park_bench_surrounded_by_a_green_forest_of_trees.png
FLUX2-plain,2025,0,/shared/home/sarim.hashmi/usenix/benchmark/normalized/FLUX-dev/real/A_park_with_many_trees_and_benches_at_night.png
FLUX2-plain,2025,0,/shared/home/sarim.hashmi/usenix/benchmark/normalized/FLUX-dev/real/A_person_standing_in_front_of_a_stop_sign_in_the_d.png
FLUX2-plain,2025,0,/shared/home/sarim.hashmi/usenix/benchmark/normalized/FLUX-dev/real/A_person_walking_down_a_sidewalk_at_night.png
FLUX2-plain,2025,0,/shared/home/sarim.hashmi/usenix/benchmark/normalized/FLUX-dev/real/A_photo_of_a_cat_in_black_and_white__The_person_ta.png
FLUX2-plain,2025,0,/shared/home/sarim.hashmi/usenix/benchmark/normalized/FLUX-dev/real/A_picture_of_people_watching_TV_in_the_living_room.png
FLUX2-plain,2025,0,/shared/home/sarim.hashmi/usenix/benchmark/normalized/FLUX-dev/real/A_railroad_train_heading_toward_a_traffic_light_on.png
FLUX2-plain,2025,0,/shared/home/sarim.hashmi/usenix/benchmark/normalized/FLUX-dev/real/A_red__grey_and_white_airplane_passes_overhead.png
FLUX2-plain,2025,0,/shared/home/sarim.hashmi/usenix/benchmark/normalized/FLUX-dev/real/A_red_fire_hydrant_with_a_green_cap_with_a_bird_on.png
FLUX2-plain,2025,0,/shared/home/sarim.hashmi/usenix/benchmark/normalized/FLUX-dev/real/A_series_of_photos_showing_different_restroom_item.png
FLUX2-plain,2025,0,/shared/home/sarim.hashmi/usenix/benchmark/normalized/FLUX-dev/real/A_sign_for_Davidson_College_outside_of_one_of_its.png
FLUX2-plain,2025,0,/shared/home/sarim.hashmi/usenix/benchmark/normalized/FLUX-dev/real/A_sign_littered_with_stickers_on_a_pole_with_a_cro.png
FLUX2-plain,2025,0,/shared/home/sarim.hashmi/usenix/benchmark/normalized/FLUX-dev/real/A_silver_miniature_train_with_trees_in_background.png
FLUX2-plain,2025,0,/shared/home/sarim.hashmi/usenix/benchmark/normalized/FLUX-dev/real/A_ski_resort_that_has_a_couple_people_outside.png
FLUX2-plain,2025,0,/shared/home/sarim.hashmi/usenix/benchmark/normalized/FLUX-dev/real/A_small_airplane_flying_through_a_blue_sky.png
FLUX2-plain,2025,0,/shared/home/sarim.hashmi/usenix/benchmark/normalized/FLUX-dev/real/A_small_lamb_with_a_blue_rope_tied_around_its_head.png
FLUX2-plain,2025,0,/shared/home/sarim.hashmi/usenix/benchmark/normalized/FLUX-dev/real/A_traffic_light_on_a_table_with_a_checkered_cloth.png
FLUX2-plain,2025,0,/shared/home/sarim.hashmi/usenix/benchmark/normalized/FLUX-dev/real/A_traffic_light_with_a_smile_green_light_above_a_r.png
FLUX2-plain,2025,0,/shared/home/sarim.hashmi/usenix/benchmark/normalized/FLUX-dev/real/A_trashcan_has_been_knocked_over_in_a_kitchen.png
FLUX2-plain,2025,0,/shared/home/sarim.hashmi/usenix/benchmark/normalized/FLUX-dev/real/A_very_cute_cat_looking_at_a_bird_by_a_bike_tire.png
FLUX2-plain,2025,0,/shared/home/sarim.hashmi/usenix/benchmark/normalized/FLUX-dev/real/A_very_nice_looking_train_by_a_plat_form.png
FLUX2-plain,2025,0,/shared/home/sarim.hashmi/usenix/benchmark/normalized/FLUX-dev/real/A_white_bus_sitting_on_top_of_a_grass_field.png
FLUX2-plain,2025,0,/shared/home/sarim.hashmi/usenix/benchmark/normalized/FLUX-dev/real/A_white_toilet_sitting_in_a_bathroom_under_a_white.png
FLUX2-plain,2025,0,/shared/home/sarim.hashmi/usenix/benchmark/normalized/FLUX-dev/real/A_woman_putting_on_a_lipstick_holding_a_sharp_knif.png
FLUX2-plain,2025,0,/shared/home/sarim.hashmi/usenix/benchmark/normalized/FLUX-dev/real/Adult_woman_taking_self_portrait_using_camera_look.png
FLUX2-plain,2025,0,/shared/home/sarim.hashmi/usenix/benchmark/normalized/FLUX-dev/real/An_airplane_crossing_above_a_metal_structure_on_a.png
FLUX2-plain,2025,0,/shared/home/sarim.hashmi/usenix/benchmark/normalized/FLUX-dev/real/An_airplane_flies_up_into_the_sky_with_the_wheel_o.png
FLUX2-plain,2025,0,/shared/home/sarim.hashmi/usenix/benchmark/normalized/FLUX-dev/real/An_empty_intersection_of_a_colorful_urban_area.png
FLUX2-plain,2025,0,/shared/home/sarim.hashmi/usenix/benchmark/normalized/FLUX-dev/real/An_old_black_and_white_photo_of_two_men_in_suits.png
FLUX2-plain,2025,0,/shared/home/sarim.hashmi/usenix/benchmark/normalized/FLUX-dev/real/An_orange_lying_next_to_a_green_utensil.png
FLUX2-plain,2025,0,/shared/home/sarim.hashmi/usenix/benchmark/normalized/FLUX-dev/real/Benches_line_the_sidewalk_of_a_city_park_in_autumn.png
FLUX2-plain,2025,0,/shared/home/sarim.hashmi/usenix/benchmark/normalized/FLUX-dev/real/Clear_blue_sky_s_with_a_plane_flying_by.png
FLUX2-plain,2025,0,/shared/home/sarim.hashmi/usenix/benchmark/normalized/FLUX-dev/real/Emergency_vehicles_are_on_the_scene_of_the_acciden.png
FLUX2-plain,2025,0,/shared/home/sarim.hashmi/usenix/benchmark/normalized/FLUX-dev/real/Four_officer_are_riding_motorcycles_with_giant_let.png
FLUX2-plain,2025,0,/shared/home/sarim.hashmi/usenix/benchmark/normalized/FLUX-dev/real/Heavy_snow_covers_a_picnic_bench_next_to_a_tree.png
FLUX2-plain,2025,0,/shared/home/sarim.hashmi/usenix/benchmark/normalized/FLUX-dev/real/Several_men_sitting_in_front_of_a_large_wall.png
FLUX2-plain,2025,0,/shared/home/sarim.hashmi/usenix/benchmark/normalized/FLUX-dev/real/Several_people_standing_together_with_a_red_stopli.png
FLUX2-plain,2025,0,/shared/home/sarim.hashmi/usenix/benchmark/normalized/FLUX-dev/real/Small_bird_sitting_on_a_skateboard_posed_in_front.png
FLUX2-plain,2025,0,/shared/home/sarim.hashmi/usenix/benchmark/normalized/FLUX-dev/real/Some_pans_and_kitchen_spoons_hang_from_hooks_on_a.png
FLUX2-plain,2025,0,/shared/home/sarim.hashmi/usenix/benchmark/normalized/FLUX-dev/real/Street_signs_are_affixed_to_a_utility_pole.png
FLUX2-plain,2025,0,/shared/home/sarim.hashmi/usenix/benchmark/normalized/FLUX-dev/real/That_looks_like_a_wall_mural_in_the_background_of.png
FLUX2-plain,2025,0,/shared/home/sarim.hashmi/usenix/benchmark/normalized/FLUX-dev/real/The_dog_with_a_cartoon_collar_is_looking_out_of_a.png
FLUX2-plain,2025,0,/shared/home/sarim.hashmi/usenix/benchmark/normalized/FLUX-dev/real/The_door_of_a_public_bus_with_a_reflection_of_a_wo.png
FLUX2-plain,2025,0,/shared/home/sarim.hashmi/usenix/benchmark/normalized/FLUX-dev/real/The_graveyard_in_front_of_the_church_is_very_spook.png
FLUX2-plain,2025,0,/shared/home/sarim.hashmi/usenix/benchmark/normalized/FLUX-dev/real/The_rear_view_mirror_of_a_cityh_bus_driving_down_a.png
FLUX2-plain,2025,0,/shared/home/sarim.hashmi/usenix/benchmark/normalized/FLUX-dev/real/The_reflection_of_a_woman__in_a_rear_view_mirror_s.png
FLUX2-plain,2025,0,/shared/home/sarim.hashmi/usenix/benchmark/normalized/FLUX-dev/real/There_is_a_bowl_of_fresh_fruit_on_the_table.png
FLUX2-plain,2025,0,/shared/home/sarim.hashmi/usenix/benchmark/normalized/FLUX-dev/real/This_is_an_open_box_containing_four_cucumbers.png
FLUX2-plain,2025,0,/shared/home/sarim.hashmi/usenix/benchmark/normalized/FLUX-dev/real/This_is_what_is_left_of_a_kitchen_in_an_abandoned.png
FLUX2-plain,2025,0,/shared/home/sarim.hashmi/usenix/benchmark/normalized/FLUX-dev/real/This_room_has_a_wall_with_a_mural_on_it.png
FLUX2-plain,2025,0,/shared/home/sarim.hashmi/usenix/benchmark/normalized/FLUX-dev/real/Two_children_under_a_Sesame_Street_sign_on_a_light.png
FLUX2-plain,2025,0,/shared/home/sarim.hashmi/usenix/benchmark/normalized/FLUX-dev/real/a_big_field_of_sheep_that_are_outside.png
FLUX2-plain,2025,0,/shared/home/sarim.hashmi/usenix/benchmark/normalized/FLUX-dev/real/a_bird_flying_thru_the_sky_with_mountains_in_the_b.png
FLUX2-plain,2025,0,/shared/home/sarim.hashmi/usenix/benchmark/normalized/FLUX-dev/real/a_giraffe_leaning_over_a_fence_to_eat_out_of_a_bow.png
FLUX2-plain,2025,0,/shared/home/sarim.hashmi/usenix/benchmark/normalized/FLUX-dev/real/a_man_on_a_motorcycle_driving_down_a_track.png
FLUX2-plain,2025,0,/shared/home/sarim.hashmi/usenix/benchmark/normalized/FLUX-dev/real/a_person_with_a_bat_near_many_tvs.png
FLUX2-plain,2025,0,/shared/home/sarim.hashmi/usenix/benchmark/normalized/FLUX-dev/real/a_pic_with_a_hydrant_outside_in_the_field.png
FLUX2-plain,2025,0,/shared/home/sarim.hashmi/usenix/benchmark/normalized/FLUX-dev/real/a_pole_that_has_a_sign_attached_to_it.png
FLUX2-plain,2025,0,/shared/home/sarim.hashmi/usenix/benchmark/normalized/FLUX-dev/real/a_small_plane_is_flying_in_the_sky.png
FLUX2-plain,2025,0,/shared/home/sarim.hashmi/usenix/benchmark/normalized/FLUX-dev/real/a_sunset_over_the_water_with_birds_in_the_air.png
FLUX2-plain,2025,0,/shared/home/sarim.hashmi/usenix/benchmark/normalized/FLUX-dev/real/ranodm_bus_pulled_over_on_the_side_of_the_road.png
FLUX2-plain,2025,0,/shared/home/sarim.hashmi/usenix/benchmark/normalized/FLUX-dev/real/some_black_and_white_train_cars_and_some_train_tra.png
FLUX2-boreal,2025,1,/shared/home/sarim.hashmi/usenix/benchmark/live_norm/FLUX2-boreal-full/A_bathroom_contains_a_shower__a_sink__and_a_mirror.png
FLUX2-boreal,2025,1,/shared/home/sarim.hashmi/usenix/benchmark/live_norm/FLUX2-boreal-full/A_bathroom_is_photographed_with_a_fisheye_filter.png
FLUX2-boreal,2025,1,/shared/home/sarim.hashmi/usenix/benchmark/live_norm/FLUX2-boreal-full/A_bathroom_with_a_stained_glass_and_stone_wall_and.png
FLUX2-boreal,2025,1,/shared/home/sarim.hashmi/usenix/benchmark/live_norm/FLUX2-boreal-full/A_bathroom_with_four_urinals_and_a_drain_on_the_fl.png
FLUX2-boreal,2025,1,/shared/home/sarim.hashmi/usenix/benchmark/live_norm/FLUX2-boreal-full/A_bathtub_sitting_under_a_chandelier_and_next_to_a.png
FLUX2-boreal,2025,1,/shared/home/sarim.hashmi/usenix/benchmark/live_norm/FLUX2-boreal-full/A_bird_is_sitting_on_a_bench_in_the_grass.png
FLUX2-boreal,2025,1,/shared/home/sarim.hashmi/usenix/benchmark/live_norm/FLUX2-boreal-full/A_bird_sitting_in_a_field_of_beautiful_purple_flow.png
FLUX2-boreal,2025,1,/shared/home/sarim.hashmi/usenix/benchmark/live_norm/FLUX2-boreal-full/A_bird_sitting_on_top__of_an_orange_slice.png
FLUX2-boreal,2025,1,/shared/home/sarim.hashmi/usenix/benchmark/live_norm/FLUX2-boreal-full/A_black_and_white_photo_of_an_old_locomotive.png
FLUX2-boreal,2025,1,/shared/home/sarim.hashmi/usenix/benchmark/live_norm/FLUX2-boreal-full/A_black_and_white_picture_of_a_stop_sign.png
FLUX2-boreal,2025,1,/shared/home/sarim.hashmi/usenix/benchmark/live_norm/FLUX2-boreal-full/A_black_bird_landing_on_the_leaves_in_the_water.png
FLUX2-boreal,2025,1,/shared/home/sarim.hashmi/usenix/benchmark/live_norm/FLUX2-boreal-full/A_black_lab_waits_at_a_picnic_table_for_it_s_maste.png
FLUX2-boreal,2025,1,/shared/home/sarim.hashmi/usenix/benchmark/live_norm/FLUX2-boreal-full/A_car_passes_by_to_find_a_man_outside_near_a_TV.png
FLUX2-boreal,2025,1,/shared/home/sarim.hashmi/usenix/benchmark/live_norm/FLUX2-boreal-full/A_cat_is_sitting_outdoors_near_a_park_bench.png
FLUX2-boreal,2025,1,/shared/home/sarim.hashmi/usenix/benchmark/live_norm/FLUX2-boreal-full/A_child_with_a_helmet_on_a_motor_bike.png
FLUX2-boreal,2025,1,/shared/home/sarim.hashmi/usenix/benchmark/live_norm/FLUX2-boreal-full/A_christmas_wreath_is_hanging_from_the_door.png
FLUX2-boreal,2025,1,/shared/home/sarim.hashmi/usenix/benchmark/live_norm/FLUX2-boreal-full/A_city_street_with_no_traffic_line_with_traffic_li.png
FLUX2-boreal,2025,1,/shared/home/sarim.hashmi/usenix/benchmark/live_norm/FLUX2-boreal-full/A_couple_of_people_walking_down_a_sidewalk_with_st.png
FLUX2-boreal,2025,1,/shared/home/sarim.hashmi/usenix/benchmark/live_norm/FLUX2-boreal-full/A_cow_standing_next_to_a_shelf_with_many_drinks.png
FLUX2-boreal,2025,1,/shared/home/sarim.hashmi/usenix/benchmark/live_norm/FLUX2-boreal-full/A_crossroads_sign_with_a_car_parked_nearby.png
FLUX2-boreal,2025,1,/shared/home/sarim.hashmi/usenix/benchmark/live_norm/FLUX2-boreal-full/A_crowd_of_passengers_standing_outside_of_a_commut.png
FLUX2-boreal,2025,1,/shared/home/sarim.hashmi/usenix/benchmark/live_norm/FLUX2-boreal-full/A_drawing_of_a_yellow_headphone_cord_and_an_ear_pi.png
FLUX2-boreal,2025,1,/shared/home/sarim.hashmi/usenix/benchmark/live_norm/FLUX2-boreal-full/A_foggy_day_shows_buildings_in_the_background_as_a.png
FLUX2-boreal,2025,1,/shared/home/sarim.hashmi/usenix/benchmark/live_norm/FLUX2-boreal-full/A_foggy_view_of_an_airplane_sitting_in_a_yard.png
FLUX2-boreal,2025,1,/shared/home/sarim.hashmi/usenix/benchmark/live_norm/FLUX2-boreal-full/A_giraffe_standing_in_a_lush_green_field.png
FLUX2-boreal,2025,1,/shared/home/sarim.hashmi/usenix/benchmark/live_norm/FLUX2-boreal-full/A_giraffe_sticking_its_head_in_a_feeding_basket_wi.png
FLUX2-boreal,2025,1,/shared/home/sarim.hashmi/usenix/benchmark/live_norm/FLUX2-boreal-full/A_giraffe_walking_through_the_jungle_next_to_mount.png
FLUX2-boreal,2025,1,/shared/home/sarim.hashmi/usenix/benchmark/live_norm/FLUX2-boreal-full/A_green_7th_street_sign_hanging_from_a_wooden_pole.png
FLUX2-boreal,2025,1,/shared/home/sarim.hashmi/usenix/benchmark/live_norm/FLUX2-boreal-full/A_group_of_friends_standing_next_to_each_other_at.png
FLUX2-boreal,2025,1,/shared/home/sarim.hashmi/usenix/benchmark/live_norm/FLUX2-boreal-full/A_group_of_people_fishing_next_to_a_railroad_bridg.png
FLUX2-boreal,2025,1,/shared/home/sarim.hashmi/usenix/benchmark/live_norm/FLUX2-boreal-full/A_group_of_people_with_a_cell_phone_the_side_of_a.png
FLUX2-boreal,2025,1,/shared/home/sarim.hashmi/usenix/benchmark/live_norm/FLUX2-boreal-full/A_hallway_with_yellow_painted_walls_and_a_light_mo.png
FLUX2-boreal,2025,1,/shared/home/sarim.hashmi/usenix/benchmark/live_norm/FLUX2-boreal-full/A_large_blue_octopus_kite_flies_above_the_people_h.png
FLUX2-boreal,2025,1,/shared/home/sarim.hashmi/usenix/benchmark/live_norm/FLUX2-boreal-full/A_man_has_stopped_in_the_middle_of_the_street_and.png
FLUX2-boreal,2025,1,/shared/home/sarim.hashmi/usenix/benchmark/live_norm/FLUX2-boreal-full/A_man_on_a_motorcycle_outside_in_a_black_and_white.png
FLUX2-boreal,2025,1,/shared/home/sarim.hashmi/usenix/benchmark/live_norm/FLUX2-boreal-full/A_man_sits_on_a_bench_and_stares_into_the_distance.png
FLUX2-boreal,2025,1,/shared/home/sarim.hashmi/usenix/benchmark/live_norm/FLUX2-boreal-full/A_man_walking_past_a_train_at_a_train_station.png
FLUX2-boreal,2025,1,/shared/home/sarim.hashmi/usenix/benchmark/live_norm/FLUX2-boreal-full/A_night_time_image_of_a_very_wide_and_crowded_city.png
FLUX2-boreal,2025,1,/shared/home/sarim.hashmi/usenix/benchmark/live_norm/FLUX2-boreal-full/A_park_bench_surrounded_by_a_green_forest_of_trees.png
FLUX2-boreal,2025,1,/shared/home/sarim.hashmi/usenix/benchmark/live_norm/FLUX2-boreal-full/A_park_with_many_trees_and_benches_at_night.png
FLUX2-boreal,2025,1,/shared/home/sarim.hashmi/usenix/benchmark/live_norm/FLUX2-boreal-full/A_person_standing_in_front_of_a_stop_sign_in_the_d.png
FLUX2-boreal,2025,1,/shared/home/sarim.hashmi/usenix/benchmark/live_norm/FLUX2-boreal-full/A_person_walking_down_a_sidewalk_at_night.png
FLUX2-boreal,2025,1,/shared/home/sarim.hashmi/usenix/benchmark/live_norm/FLUX2-boreal-full/A_photo_of_a_cat_in_black_and_white__The_person_ta.png
FLUX2-boreal,2025,1,/shared/home/sarim.hashmi/usenix/benchmark/live_norm/FLUX2-boreal-full/A_picture_of_people_watching_TV_in_the_living_room.png
FLUX2-boreal,2025,1,/shared/home/sarim.hashmi/usenix/benchmark/live_norm/FLUX2-boreal-full/A_railroad_train_heading_toward_a_traffic_light_on.png
FLUX2-boreal,2025,1,/shared/home/sarim.hashmi/usenix/benchmark/live_norm/FLUX2-boreal-full/A_red__grey_and_white_airplane_passes_overhead.png
FLUX2-boreal,2025,1,/shared/home/sarim.hashmi/usenix/benchmark/live_norm/FLUX2-boreal-full/A_red_fire_hydrant_with_a_green_cap_with_a_bird_on.png
FLUX2-boreal,2025,1,/shared/home/sarim.hashmi/usenix/benchmark/live_norm/FLUX2-boreal-full/A_series_of_photos_showing_different_restroom_item.png
FLUX2-boreal,2025,1,/shared/home/sarim.hashmi/usenix/benchmark/live_norm/FLUX2-boreal-full/A_sign_for_Davidson_College_outside_of_one_of_its.png
FLUX2-boreal,2025,1,/shared/home/sarim.hashmi/usenix/benchmark/live_norm/FLUX2-boreal-full/A_sign_littered_with_stickers_on_a_pole_with_a_cro.png
FLUX2-boreal,2025,1,/shared/home/sarim.hashmi/usenix/benchmark/live_norm/FLUX2-boreal-full/A_silver_miniature_train_with_trees_in_background.png
FLUX2-boreal,2025,1,/shared/home/sarim.hashmi/usenix/benchmark/live_norm/FLUX2-boreal-full/A_ski_resort_that_has_a_couple_people_outside.png
FLUX2-boreal,2025,1,/shared/home/sarim.hashmi/usenix/benchmark/live_norm/FLUX2-boreal-full/A_small_airplane_flying_through_a_blue_sky.png
FLUX2-boreal,2025,1,/shared/home/sarim.hashmi/usenix/benchmark/live_norm/FLUX2-boreal-full/A_small_lamb_with_a_blue_rope_tied_around_its_head.png
FLUX2-boreal,2025,1,/shared/home/sarim.hashmi/usenix/benchmark/live_norm/FLUX2-boreal-full/A_traffic_light_on_a_table_with_a_checkered_cloth.png
FLUX2-boreal,2025,1,/shared/home/sarim.hashmi/usenix/benchmark/live_norm/FLUX2-boreal-full/A_traffic_light_with_a_smile_green_light_above_a_r.png
FLUX2-boreal,2025,1,/shared/home/sarim.hashmi/usenix/benchmark/live_norm/FLUX2-boreal-full/A_trashcan_has_been_knocked_over_in_a_kitchen.png
FLUX2-boreal,2025,1,/shared/home/sarim.hashmi/usenix/benchmark/live_norm/FLUX2-boreal-full/A_very_cute_cat_looking_at_a_bird_by_a_bike_tire.png
FLUX2-boreal,2025,1,/shared/home/sarim.hashmi/usenix/benchmark/live_norm/FLUX2-boreal-full/A_very_nice_looking_train_by_a_plat_form.png
FLUX2-boreal,2025,1,/shared/home/sarim.hashmi/usenix/benchmark/live_norm/FLUX2-boreal-full/A_white_bus_sitting_on_top_of_a_grass_field.png
FLUX2-boreal,2025,1,/shared/home/sarim.hashmi/usenix/benchmark/live_norm/FLUX2-boreal-full/A_white_toilet_sitting_in_a_bathroom_under_a_white.png
FLUX2-boreal,2025,1,/shared/home/sarim.hashmi/usenix/benchmark/live_norm/FLUX2-boreal-full/A_woman_putting_on_a_lipstick_holding_a_sharp_knif.png
FLUX2-boreal,2025,1,/shared/home/sarim.hashmi/usenix/benchmark/live_norm/FLUX2-boreal-full/Adult_woman_taking_self_portrait_using_camera_look.png
FLUX2-boreal,2025,1,/shared/home/sarim.hashmi/usenix/benchmark/live_norm/FLUX2-boreal-full/An_airplane_crossing_above_a_metal_structure_on_a.png
FLUX2-boreal,2025,1,/shared/home/sarim.hashmi/usenix/benchmark/live_norm/FLUX2-boreal-full/An_airplane_flies_up_into_the_sky_with_the_wheel_o.png
FLUX2-boreal,2025,1,/shared/home/sarim.hashmi/usenix/benchmark/live_norm/FLUX2-boreal-full/An_empty_intersection_of_a_colorful_urban_area.png
FLUX2-boreal,2025,1,/shared/home/sarim.hashmi/usenix/benchmark/live_norm/FLUX2-boreal-full/An_old_black_and_white_photo_of_two_men_in_suits.png
FLUX2-boreal,2025,1,/shared/home/sarim.hashmi/usenix/benchmark/live_norm/FLUX2-boreal-full/An_orange_lying_next_to_a_green_utensil.png
FLUX2-boreal,2025,1,/shared/home/sarim.hashmi/usenix/benchmark/live_norm/FLUX2-boreal-full/Benches_line_the_sidewalk_of_a_city_park_in_autumn.png
FLUX2-boreal,2025,1,/shared/home/sarim.hashmi/usenix/benchmark/live_norm/FLUX2-boreal-full/Clear_blue_sky_s_with_a_plane_flying_by.png
FLUX2-boreal,2025,1,/shared/home/sarim.hashmi/usenix/benchmark/live_norm/FLUX2-boreal-full/Emergency_vehicles_are_on_the_scene_of_the_acciden.png
FLUX2-boreal,2025,1,/shared/home/sarim.hashmi/usenix/benchmark/live_norm/FLUX2-boreal-full/Four_officer_are_riding_motorcycles_with_giant_let.png
FLUX2-boreal,2025,1,/shared/home/sarim.hashmi/usenix/benchmark/live_norm/FLUX2-boreal-full/Heavy_snow_covers_a_picnic_bench_next_to_a_tree.png
FLUX2-boreal,2025,1,/shared/home/sarim.hashmi/usenix/benchmark/live_norm/FLUX2-boreal-full/Several_men_sitting_in_front_of_a_large_wall.png
FLUX2-boreal,2025,1,/shared/home/sarim.hashmi/usenix/benchmark/live_norm/FLUX2-boreal-full/Several_people_standing_together_with_a_red_stopli.png
FLUX2-boreal,2025,1,/shared/home/sarim.hashmi/usenix/benchmark/live_norm/FLUX2-boreal-full/Small_bird_sitting_on_a_skateboard_posed_in_front.png
FLUX2-boreal,2025,1,/shared/home/sarim.hashmi/usenix/benchmark/live_norm/FLUX2-boreal-full/Some_pans_and_kitchen_spoons_hang_from_hooks_on_a.png
FLUX2-boreal,2025,1,/shared/home/sarim.hashmi/usenix/benchmark/live_norm/FLUX2-boreal-full/Street_signs_are_affixed_to_a_utility_pole.png
FLUX2-boreal,2025,1,/shared/home/sarim.hashmi/usenix/benchmark/live_norm/FLUX2-boreal-full/That_looks_like_a_wall_mural_in_the_background_of.png
FLUX2-boreal,2025,1,/shared/home/sarim.hashmi/usenix/benchmark/live_norm/FLUX2-boreal-full/The_dog_with_a_cartoon_collar_is_looking_out_of_a.png
FLUX2-boreal,2025,1,/shared/home/sarim.hashmi/usenix/benchmark/live_norm/FLUX2-boreal-full/The_door_of_a_public_bus_with_a_reflection_of_a_wo.png
FLUX2-boreal,2025,1,/shared/home/sarim.hashmi/usenix/benchmark/live_norm/FLUX2-boreal-full/The_graveyard_in_front_of_the_church_is_very_spook.png
FLUX2-boreal,2025,1,/shared/home/sarim.hashmi/usenix/benchmark/live_norm/FLUX2-boreal-full/The_rear_view_mirror_of_a_cityh_bus_driving_down_a.png
FLUX2-boreal,2025,1,/shared/home/sarim.hashmi/usenix/benchmark/live_norm/FLUX2-boreal-full/The_reflection_of_a_woman__in_a_rear_view_mirror_s.png
FLUX2-boreal,2025,1,/shared/home/sarim.hashmi/usenix/benchmark/live_norm/FLUX2-boreal-full/There_is_a_bowl_of_fresh_fruit_on_the_table.png
FLUX2-boreal,2025,1,/shared/home/sarim.hashmi/usenix/benchmark/live_norm/FLUX2-boreal-full/This_is_an_open_box_containing_four_cucumbers.png
FLUX2-boreal,2025,1,/shared/home/sarim.hashmi/usenix/benchmark/live_norm/FLUX2-boreal-full/This_is_what_is_left_of_a_kitchen_in_an_abandoned.png
FLUX2-boreal,2025,1,/shared/home/sarim.hashmi/usenix/benchmark/live_norm/FLUX2-boreal-full/This_room_has_a_wall_with_a_mural_on_it.png
FLUX2-boreal,2025,1,/shared/home/sarim.hashmi/usenix/benchmark/live_norm/FLUX2-boreal-full/Two_children_under_a_Sesame_Street_sign_on_a_light.png
FLUX2-boreal,2025,1,/shared/home/sarim.hashmi/usenix/benchmark/live_norm/FLUX2-boreal-full/a_big_field_of_sheep_that_are_outside.png
FLUX2-boreal,2025,1,/shared/home/sarim.hashmi/usenix/benchmark/live_norm/FLUX2-boreal-full/a_bird_flying_thru_the_sky_with_mountains_in_the_b.png
FLUX2-boreal,2025,1,/shared/home/sarim.hashmi/usenix/benchmark/live_norm/FLUX2-boreal-full/a_giraffe_leaning_over_a_fence_to_eat_out_of_a_bow.png
FLUX2-boreal,2025,1,/shared/home/sarim.hashmi/usenix/benchmark/live_norm/FLUX2-boreal-full/a_man_on_a_motorcycle_driving_down_a_track.png
FLUX2-boreal,2025,1,/shared/home/sarim.hashmi/usenix/benchmark/live_norm/FLUX2-boreal-full/a_person_with_a_bat_near_many_tvs.png
FLUX2-boreal,2025,1,/shared/home/sarim.hashmi/usenix/benchmark/live_norm/FLUX2-boreal-full/a_pic_with_a_hydrant_outside_in_the_field.png
FLUX2-boreal,2025,1,/shared/home/sarim.hashmi/usenix/benchmark/live_norm/FLUX2-boreal-full/a_pole_that_has_a_sign_attached_to_it.png
FLUX2-boreal,2025,1,/shared/home/sarim.hashmi/usenix/benchmark/live_norm/FLUX2-boreal-full/a_small_plane_is_flying_in_the_sky.png
FLUX2-boreal,2025,1,/shared/home/sarim.hashmi/usenix/benchmark/live_norm/FLUX2-boreal-full/a_sunset_over_the_water_with_birds_in_the_air.png
FLUX2-boreal,2025,1,/shared/home/sarim.hashmi/usenix/benchmark/live_norm/FLUX2-boreal-full/ranodm_bus_pulled_over_on_the_side_of_the_road.png
FLUX2-boreal,2025,1,/shared/home/sarim.hashmi/usenix/benchmark/live_norm/FLUX2-boreal-full/some_black_and_white_train_cars_and_some_train_tra.png
FLUX2-boreal,2025,0,/shared/home/sarim.hashmi/usenix/benchmark/normalized/FLUX-dev/real/A_bathroom_contains_a_shower__a_sink__and_a_mirror.png
FLUX2-boreal,2025,0,/shared/home/sarim.hashmi/usenix/benchmark/normalized/FLUX-dev/real/A_bathroom_is_photographed_with_a_fisheye_filter.png
FLUX2-boreal,2025,0,/shared/home/sarim.hashmi/usenix/benchmark/normalized/FLUX-dev/real/A_bathroom_with_a_stained_glass_and_stone_wall_and.png
FLUX2-boreal,2025,0,/shared/home/sarim.hashmi/usenix/benchmark/normalized/FLUX-dev/real/A_bathroom_with_four_urinals_and_a_drain_on_the_fl.png
FLUX2-boreal,2025,0,/shared/home/sarim.hashmi/usenix/benchmark/normalized/FLUX-dev/real/A_bathtub_sitting_under_a_chandelier_and_next_to_a.png
FLUX2-boreal,2025,0,/shared/home/sarim.hashmi/usenix/benchmark/normalized/FLUX-dev/real/A_bird_is_sitting_on_a_bench_in_the_grass.png
FLUX2-boreal,2025,0,/shared/home/sarim.hashmi/usenix/benchmark/normalized/FLUX-dev/real/A_bird_sitting_in_a_field_of_beautiful_purple_flow.png
FLUX2-boreal,2025,0,/shared/home/sarim.hashmi/usenix/benchmark/normalized/FLUX-dev/real/A_bird_sitting_on_top__of_an_orange_slice.png
FLUX2-boreal,2025,0,/shared/home/sarim.hashmi/usenix/benchmark/normalized/FLUX-dev/real/A_black_and_white_photo_of_an_old_locomotive.png
FLUX2-boreal,2025,0,/shared/home/sarim.hashmi/usenix/benchmark/normalized/FLUX-dev/real/A_black_and_white_picture_of_a_stop_sign.png
FLUX2-boreal,2025,0,/shared/home/sarim.hashmi/usenix/benchmark/normalized/FLUX-dev/real/A_black_bird_landing_on_the_leaves_in_the_water.png
FLUX2-boreal,2025,0,/shared/home/sarim.hashmi/usenix/benchmark/normalized/FLUX-dev/real/A_black_lab_waits_at_a_picnic_table_for_it_s_maste.png
FLUX2-boreal,2025,0,/shared/home/sarim.hashmi/usenix/benchmark/normalized/FLUX-dev/real/A_car_passes_by_to_find_a_man_outside_near_a_TV.png
FLUX2-boreal,2025,0,/shared/home/sarim.hashmi/usenix/benchmark/normalized/FLUX-dev/real/A_cat_is_sitting_outdoors_near_a_park_bench.png
FLUX2-boreal,2025,0,/shared/home/sarim.hashmi/usenix/benchmark/normalized/FLUX-dev/real/A_child_with_a_helmet_on_a_motor_bike.png
FLUX2-boreal,2025,0,/shared/home/sarim.hashmi/usenix/benchmark/normalized/FLUX-dev/real/A_christmas_wreath_is_hanging_from_the_door.png
FLUX2-boreal,2025,0,/shared/home/sarim.hashmi/usenix/benchmark/normalized/FLUX-dev/real/A_city_street_with_no_traffic_line_with_traffic_li.png
FLUX2-boreal,2025,0,/shared/home/sarim.hashmi/usenix/benchmark/normalized/FLUX-dev/real/A_couple_of_people_walking_down_a_sidewalk_with_st.png
FLUX2-boreal,2025,0,/shared/home/sarim.hashmi/usenix/benchmark/normalized/FLUX-dev/real/A_cow_standing_next_to_a_shelf_with_many_drinks.png
FLUX2-boreal,2025,0,/shared/home/sarim.hashmi/usenix/benchmark/normalized/FLUX-dev/real/A_crossroads_sign_with_a_car_parked_nearby.png
FLUX2-boreal,2025,0,/shared/home/sarim.hashmi/usenix/benchmark/normalized/FLUX-dev/real/A_crowd_of_passengers_standing_outside_of_a_commut.png
FLUX2-boreal,2025,0,/shared/home/sarim.hashmi/usenix/benchmark/normalized/FLUX-dev/real/A_drawing_of_a_yellow_headphone_cord_and_an_ear_pi.png
FLUX2-boreal,2025,0,/shared/home/sarim.hashmi/usenix/benchmark/normalized/FLUX-dev/real/A_foggy_day_shows_buildings_in_the_background_as_a.png
FLUX2-boreal,2025,0,/shared/home/sarim.hashmi/usenix/benchmark/normalized/FLUX-dev/real/A_foggy_view_of_an_airplane_sitting_in_a_yard.png
FLUX2-boreal,2025,0,/shared/home/sarim.hashmi/usenix/benchmark/normalized/FLUX-dev/real/A_giraffe_standing_in_a_lush_green_field.png
FLUX2-boreal,2025,0,/shared/home/sarim.hashmi/usenix/benchmark/normalized/FLUX-dev/real/A_giraffe_sticking_its_head_in_a_feeding_basket_wi.png
FLUX2-boreal,2025,0,/shared/home/sarim.hashmi/usenix/benchmark/normalized/FLUX-dev/real/A_giraffe_walking_through_the_jungle_next_to_mount.png
FLUX2-boreal,2025,0,/shared/home/sarim.hashmi/usenix/benchmark/normalized/FLUX-dev/real/A_green_7th_street_sign_hanging_from_a_wooden_pole.png
FLUX2-boreal,2025,0,/shared/home/sarim.hashmi/usenix/benchmark/normalized/FLUX-dev/real/A_group_of_friends_standing_next_to_each_other_at.png
FLUX2-boreal,2025,0,/shared/home/sarim.hashmi/usenix/benchmark/normalized/FLUX-dev/real/A_group_of_people_fishing_next_to_a_railroad_bridg.png
FLUX2-boreal,2025,0,/shared/home/sarim.hashmi/usenix/benchmark/normalized/FLUX-dev/real/A_group_of_people_with_a_cell_phone_the_side_of_a.png
FLUX2-boreal,2025,0,/shared/home/sarim.hashmi/usenix/benchmark/normalized/FLUX-dev/real/A_hallway_with_yellow_painted_walls_and_a_light_mo.png
FLUX2-boreal,2025,0,/shared/home/sarim.hashmi/usenix/benchmark/normalized/FLUX-dev/real/A_large_blue_octopus_kite_flies_above_the_people_h.png
FLUX2-boreal,2025,0,/shared/home/sarim.hashmi/usenix/benchmark/normalized/FLUX-dev/real/A_man_has_stopped_in_the_middle_of_the_street_and.png
FLUX2-boreal,2025,0,/shared/home/sarim.hashmi/usenix/benchmark/normalized/FLUX-dev/real/A_man_on_a_motorcycle_outside_in_a_black_and_white.png
FLUX2-boreal,2025,0,/shared/home/sarim.hashmi/usenix/benchmark/normalized/FLUX-dev/real/A_man_sits_on_a_bench_and_stares_into_the_distance.png
FLUX2-boreal,2025,0,/shared/home/sarim.hashmi/usenix/benchmark/normalized/FLUX-dev/real/A_man_walking_past_a_train_at_a_train_station.png
FLUX2-boreal,2025,0,/shared/home/sarim.hashmi/usenix/benchmark/normalized/FLUX-dev/real/A_night_time_image_of_a_very_wide_and_crowded_city.png
FLUX2-boreal,2025,0,/shared/home/sarim.hashmi/usenix/benchmark/normalized/FLUX-dev/real/A_park_bench_surrounded_by_a_green_forest_of_trees.png
FLUX2-boreal,2025,0,/shared/home/sarim.hashmi/usenix/benchmark/normalized/FLUX-dev/real/A_park_with_many_trees_and_benches_at_night.png
FLUX2-boreal,2025,0,/shared/home/sarim.hashmi/usenix/benchmark/normalized/FLUX-dev/real/A_person_standing_in_front_of_a_stop_sign_in_the_d.png
FLUX2-boreal,2025,0,/shared/home/sarim.hashmi/usenix/benchmark/normalized/FLUX-dev/real/A_person_walking_down_a_sidewalk_at_night.png
FLUX2-boreal,2025,0,/shared/home/sarim.hashmi/usenix/benchmark/normalized/FLUX-dev/real/A_photo_of_a_cat_in_black_and_white__The_person_ta.png
FLUX2-boreal,2025,0,/shared/home/sarim.hashmi/usenix/benchmark/normalized/FLUX-dev/real/A_picture_of_people_watching_TV_in_the_living_room.png
FLUX2-boreal,2025,0,/shared/home/sarim.hashmi/usenix/benchmark/normalized/FLUX-dev/real/A_railroad_train_heading_toward_a_traffic_light_on.png
FLUX2-boreal,2025,0,/shared/home/sarim.hashmi/usenix/benchmark/normalized/FLUX-dev/real/A_red__grey_and_white_airplane_passes_overhead.png
FLUX2-boreal,2025,0,/shared/home/sarim.hashmi/usenix/benchmark/normalized/FLUX-dev/real/A_red_fire_hydrant_with_a_green_cap_with_a_bird_on.png
FLUX2-boreal,2025,0,/shared/home/sarim.hashmi/usenix/benchmark/normalized/FLUX-dev/real/A_series_of_photos_showing_different_restroom_item.png
FLUX2-boreal,2025,0,/shared/home/sarim.hashmi/usenix/benchmark/normalized/FLUX-dev/real/A_sign_for_Davidson_College_outside_of_one_of_its.png
FLUX2-boreal,2025,0,/shared/home/sarim.hashmi/usenix/benchmark/normalized/FLUX-dev/real/A_sign_littered_with_stickers_on_a_pole_with_a_cro.png
FLUX2-boreal,2025,0,/shared/home/sarim.hashmi/usenix/benchmark/normalized/FLUX-dev/real/A_silver_miniature_train_with_trees_in_background.png
FLUX2-boreal,2025,0,/shared/home/sarim.hashmi/usenix/benchmark/normalized/FLUX-dev/real/A_ski_resort_that_has_a_couple_people_outside.png
FLUX2-boreal,2025,0,/shared/home/sarim.hashmi/usenix/benchmark/normalized/FLUX-dev/real/A_small_airplane_flying_through_a_blue_sky.png
FLUX2-boreal,2025,0,/shared/home/sarim.hashmi/usenix/benchmark/normalized/FLUX-dev/real/A_small_lamb_with_a_blue_rope_tied_around_its_head.png
FLUX2-boreal,2025,0,/shared/home/sarim.hashmi/usenix/benchmark/normalized/FLUX-dev/real/A_traffic_light_on_a_table_with_a_checkered_cloth.png
FLUX2-boreal,2025,0,/shared/home/sarim.hashmi/usenix/benchmark/normalized/FLUX-dev/real/A_traffic_light_with_a_smile_green_light_above_a_r.png
FLUX2-boreal,2025,0,/shared/home/sarim.hashmi/usenix/benchmark/normalized/FLUX-dev/real/A_trashcan_has_been_knocked_over_in_a_kitchen.png
FLUX2-boreal,2025,0,/shared/home/sarim.hashmi/usenix/benchmark/normalized/FLUX-dev/real/A_very_cute_cat_looking_at_a_bird_by_a_bike_tire.png
FLUX2-boreal,2025,0,/shared/home/sarim.hashmi/usenix/benchmark/normalized/FLUX-dev/real/A_very_nice_looking_train_by_a_plat_form.png
FLUX2-boreal,2025,0,/shared/home/sarim.hashmi/usenix/benchmark/normalized/FLUX-dev/real/A_white_bus_sitting_on_top_of_a_grass_field.png
FLUX2-boreal,2025,0,/shared/home/sarim.hashmi/usenix/benchmark/normalized/FLUX-dev/real/A_white_toilet_sitting_in_a_bathroom_under_a_white.png
FLUX2-boreal,2025,0,/shared/home/sarim.hashmi/usenix/benchmark/normalized/FLUX-dev/real/A_woman_putting_on_a_lipstick_holding_a_sharp_knif.png
FLUX2-boreal,2025,0,/shared/home/sarim.hashmi/usenix/benchmark/normalized/FLUX-dev/real/Adult_woman_taking_self_portrait_using_camera_look.png
FLUX2-boreal,2025,0,/shared/home/sarim.hashmi/usenix/benchmark/normalized/FLUX-dev/real/An_airplane_crossing_above_a_metal_structure_on_a.png
FLUX2-boreal,2025,0,/shared/home/sarim.hashmi/usenix/benchmark/normalized/FLUX-dev/real/An_airplane_flies_up_into_the_sky_with_the_wheel_o.png
FLUX2-boreal,2025,0,/shared/home/sarim.hashmi/usenix/benchmark/normalized/FLUX-dev/real/An_empty_intersection_of_a_colorful_urban_area.png
FLUX2-boreal,2025,0,/shared/home/sarim.hashmi/usenix/benchmark/normalized/FLUX-dev/real/An_old_black_and_white_photo_of_two_men_in_suits.png
FLUX2-boreal,2025,0,/shared/home/sarim.hashmi/usenix/benchmark/normalized/FLUX-dev/real/An_orange_lying_next_to_a_green_utensil.png
FLUX2-boreal,2025,0,/shared/home/sarim.hashmi/usenix/benchmark/normalized/FLUX-dev/real/Benches_line_the_sidewalk_of_a_city_park_in_autumn.png
FLUX2-boreal,2025,0,/shared/home/sarim.hashmi/usenix/benchmark/normalized/FLUX-dev/real/Clear_blue_sky_s_with_a_plane_flying_by.png
FLUX2-boreal,2025,0,/shared/home/sarim.hashmi/usenix/benchmark/normalized/FLUX-dev/real/Emergency_vehicles_are_on_the_scene_of_the_acciden.png
FLUX2-boreal,2025,0,/shared/home/sarim.hashmi/usenix/benchmark/normalized/FLUX-dev/real/Four_officer_are_riding_motorcycles_with_giant_let.png
FLUX2-boreal,2025,0,/shared/home/sarim.hashmi/usenix/benchmark/normalized/FLUX-dev/real/Heavy_snow_covers_a_picnic_bench_next_to_a_tree.png
FLUX2-boreal,2025,0,/shared/home/sarim.hashmi/usenix/benchmark/normalized/FLUX-dev/real/Several_men_sitting_in_front_of_a_large_wall.png
FLUX2-boreal,2025,0,/shared/home/sarim.hashmi/usenix/benchmark/normalized/FLUX-dev/real/Several_people_standing_together_with_a_red_stopli.png
FLUX2-boreal,2025,0,/shared/home/sarim.hashmi/usenix/benchmark/normalized/FLUX-dev/real/Small_bird_sitting_on_a_skateboard_posed_in_front.png
FLUX2-boreal,2025,0,/shared/home/sarim.hashmi/usenix/benchmark/normalized/FLUX-dev/real/Some_pans_and_kitchen_spoons_hang_from_hooks_on_a.png
FLUX2-boreal,2025,0,/shared/home/sarim.hashmi/usenix/benchmark/normalized/FLUX-dev/real/Street_signs_are_affixed_to_a_utility_pole.png
FLUX2-boreal,2025,0,/shared/home/sarim.hashmi/usenix/benchmark/normalized/FLUX-dev/real/That_looks_like_a_wall_mural_in_the_background_of.png
FLUX2-boreal,2025,0,/shared/home/sarim.hashmi/usenix/benchmark/normalized/FLUX-dev/real/The_dog_with_a_cartoon_collar_is_looking_out_of_a.png
FLUX2-boreal,2025,0,/shared/home/sarim.hashmi/usenix/benchmark/normalized/FLUX-dev/real/The_door_of_a_public_bus_with_a_reflection_of_a_wo.png
FLUX2-boreal,2025,0,/shared/home/sarim.hashmi/usenix/benchmark/normalized/FLUX-dev/real/The_graveyard_in_front_of_the_church_is_very_spook.png
FLUX2-boreal,2025,0,/shared/home/sarim.hashmi/usenix/benchmark/normalized/FLUX-dev/real/The_rear_view_mirror_of_a_cityh_bus_driving_down_a.png
FLUX2-boreal,2025,0,/shared/home/sarim.hashmi/usenix/benchmark/normalized/FLUX-dev/real/The_reflection_of_a_woman__in_a_rear_view_mirror_s.png
FLUX2-boreal,2025,0,/shared/home/sarim.hashmi/usenix/benchmark/normalized/FLUX-dev/real/There_is_a_bowl_of_fresh_fruit_on_the_table.png
FLUX2-boreal,2025,0,/shared/home/sarim.hashmi/usenix/benchmark/normalized/FLUX-dev/real/This_is_an_open_box_containing_four_cucumbers.png
FLUX2-boreal,2025,0,/shared/home/sarim.hashmi/usenix/benchmark/normalized/FLUX-dev/real/This_is_what_is_left_of_a_kitchen_in_an_abandoned.png
FLUX2-boreal,2025,0,/shared/home/sarim.hashmi/usenix/benchmark/normalized/FLUX-dev/real/This_room_has_a_wall_with_a_mural_on_it.png
FLUX2-boreal,2025,0,/shared/home/sarim.hashmi/usenix/benchmark/normalized/FLUX-dev/real/Two_children_under_a_Sesame_Street_sign_on_a_light.png
FLUX2-boreal,2025,0,/shared/home/sarim.hashmi/usenix/benchmark/normalized/FLUX-dev/real/a_big_field_of_sheep_that_are_outside.png
FLUX2-boreal,2025,0,/shared/home/sarim.hashmi/usenix/benchmark/normalized/FLUX-dev/real/a_bird_flying_thru_the_sky_with_mountains_in_the_b.png
FLUX2-boreal,2025,0,/shared/home/sarim.hashmi/usenix/benchmark/normalized/FLUX-dev/real/a_giraffe_leaning_over_a_fence_to_eat_out_of_a_bow.png
FLUX2-boreal,2025,0,/shared/home/sarim.hashmi/usenix/benchmark/normalized/FLUX-dev/real/a_man_on_a_motorcycle_driving_down_a_track.png
FLUX2-boreal,2025,0,/shared/home/sarim.hashmi/usenix/benchmark/normalized/FLUX-dev/real/a_person_with_a_bat_near_many_tvs.png
FLUX2-boreal,2025,0,/shared/home/sarim.hashmi/usenix/benchmark/normalized/FLUX-dev/real/a_pic_with_a_hydrant_outside_in_the_field.png
FLUX2-boreal,2025,0,/shared/home/sarim.hashmi/usenix/benchmark/normalized/FLUX-dev/real/a_pole_that_has_a_sign_attached_to_it.png
FLUX2-boreal,2025,0,/shared/home/sarim.hashmi/usenix/benchmark/normalized/FLUX-dev/real/a_small_plane_is_flying_in_the_sky.png
FLUX2-boreal,2025,0,/shared/home/sarim.hashmi/usenix/benchmark/normalized/FLUX-dev/real/a_sunset_over_the_water_with_birds_in_the_air.png
FLUX2-boreal,2025,0,/shared/home/sarim.hashmi/usenix/benchmark/normalized/FLUX-dev/real/ranodm_bus_pulled_over_on_the_side_of_the_road.png
FLUX2-boreal,2025,0,/shared/home/sarim.hashmi/usenix/benchmark/normalized/FLUX-dev/real/some_black_and_white_train_cars_and_some_train_tra.png
