detector,dyear,generator,gyear,auc
AllPatchesMatter,2026,FLUX-LoRA,2024,0.8942
AllPatchesMatter,2026,FLUX-dev,2024,0.9038999999999999
AllPatchesMatter,2026,SD2.1,2022,0.7584
AllPatchesMatter,2026,SD3,2024,0.7928
AllPatchesMatter,2026,SD3.5,2024,0.9978
C2P-CLIP,2025,FLUX-LoRA,2024,0.65
C2P-CLIP,2025,FLUX-dev,2024,0.7310000000000001
C2P-CLIP,2025,SD2.1,2022,0.4632
C2P-CLIP,2025,SD3,2024,0.3419999999999999
C2P-CLIP,2025,SD3.5,2024,0.8671
D3,2025,FLUX-LoRA,2024,0.9636999999999999
D3,2025,FLUX-dev,2024,0.992
D3,2025,SD2.1,2022,0.9592
D3,2025,SD3,2024,0.9379
D3,2025,SD3.5,2024,0.9969
DDA,2025,FLUX-LoRA,2024,0.8774000000000001
DDA,2025,FLUX-dev,2024,0.9337
DDA,2025,SD2.1,2022,0.9981
DDA,2025,SD3,2024,0.8917999999999999
DDA,2025,SD3.5,2024,0.9994999999999999
DEAR,2026,FLUX-LoRA,2024,0.9661
DEAR,2026,FLUX-dev,2024,0.9898
DEAR,2026,SD2.1,2022,0.9933
DEAR,2026,SD3,2024,0.8569
DEAR,2026,SD3.5,2024,0.994
DGS-Net,2026,FLUX-LoRA,2024,0.8029
DGS-Net,2026,FLUX-dev,2024,0.9721
DGS-Net,2026,SD2.1,2022,0.41259999999999997
DGS-Net,2026,SD3,2024,0.32019999999999993
DGS-Net,2026,SD3.5,2024,0.997
FIRE,2025,FLUX-LoRA,2024,0.542
FIRE,2025,FLUX-dev,2024,0.6213
FIRE,2025,SD2.1,2022,0.3982
FIRE,2025,SD3,2024,0.44580000000000003
FIRE,2025,SD3.5,2024,0.5626
FatFormer,2024,FLUX-LoRA,2024,0.6253000000000001
FatFormer,2024,FLUX-dev,2024,0.5939000000000001
FatFormer,2024,SD2.1,2022,0.22660000000000002
FatFormer,2024,SD3,2024,0.362
FatFormer,2024,SD3.5,2024,0.7728
FerretNet,2025,FLUX-LoRA,2024,0.9909
FerretNet,2025,FLUX-dev,2024,0.9951
FerretNet,2025,SD2.1,2022,0.35209999999999997
FerretNet,2025,SD3,2024,0.25010000000000004
FerretNet,2025,SD3.5,2024,0.9987
ForensicConcept,2026,FLUX-LoRA,2024,0.7605000000000001
ForensicConcept,2026,FLUX-dev,2024,0.9277
ForensicConcept,2026,SD2.1,2022,0.8721000000000001
ForensicConcept,2026,SD3,2024,0.7823999999999999
ForensicConcept,2026,SD3.5,2024,0.9897
FreqNet,2024,FLUX-LoRA,2024,0.9349999999999999
FreqNet,2024,FLUX-dev,2024,0.9214
FreqNet,2024,SD2.1,2022,0.22899999999999998
FreqNet,2024,SD3,2024,0.3278
FreqNet,2024,SD3.5,2024,0.9601500000000001
IAPL,2026,FLUX-LoRA,2024,0.47
IAPL,2026,FLUX-dev,2024,0.4924
IAPL,2026,SD2.1,2022,0.2386
IAPL,2026,SD3,2024,0.27070000000000005
IAPL,2026,SD3.5,2024,0.7498
NPR,2024,FLUX-LoRA,2024,0.88085
NPR,2024,FLUX-dev,2024,0.96
NPR,2024,SD2.1,2022,0.22625
NPR,2024,SD3,2024,0.34915
NPR,2024,SD3.5,2024,0.92915
OmniAID,2026,FLUX-LoRA,2024,0.9499
OmniAID,2026,FLUX-dev,2024,0.9731
OmniAID,2026,SD2.1,2022,0.9929
OmniAID,2026,SD3,2024,0.9677
OmniAID,2026,SD3.5,2024,0.9794
PGC,2026,FLUX-LoRA,2024,0.7935
PGC,2026,FLUX-dev,2024,0.7494000000000001
PGC,2026,SD2.1,2022,0.8954
PGC,2026,SD3,2024,0.5578000000000001
PGC,2026,SD3.5,2024,0.8826
PROBE,2026,FLUX-LoRA,2024,0.7867999999999999
PROBE,2026,FLUX-dev,2024,0.81695
PROBE,2026,SD2.1,2022,0.9995999999999999
PROBE,2026,SD3,2024,0.9579
PROBE,2026,SD3.5,2024,0.9966999999999999
SICA,2026,FLUX-LoRA,2024,0.9712
SICA,2026,FLUX-dev,2024,0.9979
SICA,2026,SD2.1,2022,0.9964
SICA,2026,SD3,2024,0.9884000000000001
SICA,2026,SD3.5,2024,0.9985
UFD,2023,FLUX-LoRA,2024,0.5095000000000001
UFD,2023,FLUX-dev,2024,0.45729999999999993
UFD,2023,SD2.1,2022,0.7466
UFD,2023,SD3,2024,0.5566
UFD,2023,SD3.5,2024,0.6413
WaRPAD,2025,FLUX-LoRA,2024,0.7604
WaRPAD,2025,FLUX-dev,2024,0.7178
WaRPAD,2025,SD2.1,2022,0.8514
WaRPAD,2025,SD3,2024,0.7751000000000001
WaRPAD,2025,SD3.5,2024,0.8328
AllPatchesMatter,2026,Boreal-FLUX,2024,0.8837999999999999
AllPatchesMatter,2026,HiDream-O1,2026,0.9652000000000001
C2P-CLIP,2025,Boreal-FLUX,2024,0.6275999999999999
C2P-CLIP,2025,HiDream-O1,2026,0.7977
D3,2025,Boreal-FLUX,2024,0.9747
D3,2025,HiDream-O1,2026,0.9884999999999999
DDA,2025,Boreal-FLUX,2024,0.9096
DDA,2025,HiDream-O1,2026,0.9823
DEAR,2026,Boreal-FLUX,2024,0.9058
DEAR,2026,HiDream-O1,2026,0.9845
DGS-Net,2026,Boreal-FLUX,2024,0.9384
DGS-Net,2026,HiDream-O1,2026,0.9691
FIRE,2025,Boreal-FLUX,2024,0.5265
FIRE,2025,HiDream-O1,2026,0.5669000000000001
FatFormer,2024,Boreal-FLUX,2024,0.8041000000000001
FatFormer,2024,HiDream-O1,2026,0.7801999999999999
FerretNet,2025,Boreal-FLUX,2024,0.9991
FerretNet,2025,HiDream-O1,2026,0.9988999999999999
ForensicConcept,2026,Boreal-FLUX,2024,0.9002000000000001
ForensicConcept,2026,HiDream-O1,2026,0.9576
FreqNet,2024,Boreal-FLUX,2024,0.9058999999999999
FreqNet,2024,HiDream-O1,2026,0.89285
IAPL,2026,Boreal-FLUX,2024,0.7834
IAPL,2026,HiDream-O1,2026,0.6645
NPR,2024,Boreal-FLUX,2024,0.9517500000000001
NPR,2024,HiDream-O1,2026,0.95395
OmniAID,2026,Boreal-FLUX,2024,0.6568
OmniAID,2026,HiDream-O1,2026,0.9871000000000001
PGC,2026,Boreal-FLUX,2024,0.6759000000000001
PGC,2026,HiDream-O1,2026,0.8755000000000001
PROBE,2026,Boreal-FLUX,2024,0.7252000000000001
PROBE,2026,HiDream-O1,2026,0.9635
SICA,2026,Boreal-FLUX,2024,0.9366
SICA,2026,HiDream-O1,2026,0.9994999999999999
UFD,2023,Boreal-FLUX,2024,0.5158
UFD,2023,HiDream-O1,2026,0.4587
WaRPAD,2025,Boreal-FLUX,2024,0.6426
WaRPAD,2025,HiDream-O1,2026,0.878
AllPatchesMatter,2026,FLUX2-boreal,2025,0.8401000000000001
AllPatchesMatter,2026,FLUX2-plain,2025,0.9704999999999999
C2P-CLIP,2025,FLUX2-boreal,2025,0.5207
C2P-CLIP,2025,FLUX2-plain,2025,0.6861
D3,2025,FLUX2-boreal,2025,0.8742
D3,2025,FLUX2-plain,2025,0.9874999999999999
DDA,2025,FLUX2-boreal,2025,0.8566000000000001
DDA,2025,FLUX2-plain,2025,0.9734
DEAR,2026,FLUX2-boreal,2025,0.9103
DEAR,2026,FLUX2-plain,2025,0.9671000000000001
DGS-Net,2026,FLUX2-boreal,2025,0.9429000000000001
DGS-Net,2026,FLUX2-plain,2025,0.9708
FIRE,2025,FLUX2-boreal,2025,0.49319999999999997
FIRE,2025,FLUX2-plain,2025,0.5986
FatFormer,2024,FLUX2-boreal,2025,0.6635
FatFormer,2024,FLUX2-plain,2025,0.7155
FerretNet,2025,FLUX2-boreal,2025,0.9978
FerretNet,2025,FLUX2-plain,2025,0.9825999999999999
ForensicConcept,2026,FLUX2-boreal,2025,0.8032
ForensicConcept,2026,FLUX2-plain,2025,0.9617
FreqNet,2024,FLUX2-boreal,2025,0.8452500000000001
FreqNet,2024,FLUX2-plain,2025,0.9328000000000001
IAPL,2026,FLUX2-boreal,2025,0.5526
IAPL,2026,FLUX2-plain,2025,0.5752
NPR,2024,FLUX2-boreal,2025,0.9457
NPR,2024,FLUX2-plain,2025,0.9525
OmniAID,2026,FLUX2-boreal,2025,0.649
OmniAID,2026,FLUX2-plain,2025,0.8381000000000001
PGC,2026,FLUX2-boreal,2025,0.6407
PGC,2026,FLUX2-plain,2025,0.7751
PROBE,2026,FLUX2-boreal,2025,0.7694000000000001
PROBE,2026,FLUX2-plain,2025,0.9058
SICA,2026,FLUX2-boreal,2025,0.9075000000000001
SICA,2026,FLUX2-plain,2025,0.9895
UFD,2023,FLUX2-boreal,2025,0.41930000000000006
UFD,2023,FLUX2-plain,2025,0.486
WaRPAD,2025,FLUX2-boreal,2025,0.7635
WaRPAD,2025,FLUX2-plain,2025,0.7113
AllPatchesMatter,2026,GPTimage2-photoreal,2026,0.9803000000000001
C2P-CLIP,2025,GPTimage2-photoreal,2026,0.8032000000000001
D3,2025,GPTimage2-photoreal,2026,0.9673
DDA,2025,GPTimage2-photoreal,2026,0.8886
DEAR,2026,GPTimage2-photoreal,2026,0.7882
DGS-Net,2026,GPTimage2-photoreal,2026,0.9623
FIRE,2025,GPTimage2-photoreal,2026,0.4651
FatFormer,2024,GPTimage2-photoreal,2026,0.8230000000000001
FerretNet,2025,GPTimage2-photoreal,2026,1.0
ForensicConcept,2026,GPTimage2-photoreal,2026,0.9689
FreqNet,2024,GPTimage2-photoreal,2026,0.9059
IAPL,2026,GPTimage2-photoreal,2026,0.8647
NPR,2024,GPTimage2-photoreal,2026,0.9419
OmniAID,2026,GPTimage2-photoreal,2026,0.5515
PGC,2026,GPTimage2-photoreal,2026,0.7399
PROBE,2026,GPTimage2-photoreal,2026,0.86405
SICA,2026,GPTimage2-photoreal,2026,0.9142
UFD,2023,GPTimage2-photoreal,2026,0.4208
WaRPAD,2025,GPTimage2-photoreal,2026,0.5653
