generator,gen_year,label,path,score
GPTimage2-photoreal,2026,1,/shared/home/sarim.hashmi/usenix/benchmark/normalized/GPTimage2-photoreal/fake/A_bathroom_contains_a_shower__a_sink__and_a_mirror.png,0.1285298764705658
GPTimage2-photoreal,2026,1,/shared/home/sarim.hashmi/usenix/benchmark/normalized/GPTimage2-photoreal/fake/A_bathroom_is_photographed_with_a_fisheye_filter.png,0.11235262453556061
GPTimage2-photoreal,2026,1,/shared/home/sarim.hashmi/usenix/benchmark/normalized/GPTimage2-photoreal/fake/A_bathroom_with_a_stained_glass_and_stone_wall_and.png,0.3295227885246277
GPTimage2-photoreal,2026,1,/shared/home/sarim.hashmi/usenix/benchmark/normalized/GPTimage2-photoreal/fake/A_bathroom_with_four_urinals_and_a_drain_on_the_fl.png,0.05591900274157524
GPTimage2-photoreal,2026,1,/shared/home/sarim.hashmi/usenix/benchmark/normalized/GPTimage2-photoreal/fake/A_bathtub_sitting_under_a_chandelier_and_next_to_a.png,0.20461712777614594
GPTimage2-photoreal,2026,1,/shared/home/sarim.hashmi/usenix/benchmark/normalized/GPTimage2-photoreal/fake/A_bird_is_sitting_on_a_bench_in_the_grass.png,0.026395492255687714
GPTimage2-photoreal,2026,1,/shared/home/sarim.hashmi/usenix/benchmark/normalized/GPTimage2-photoreal/fake/A_bird_sitting_in_a_field_of_beautiful_purple_flow.png,0.07189488410949707
GPTimage2-photoreal,2026,1,/shared/home/sarim.hashmi/usenix/benchmark/normalized/GPTimage2-photoreal/fake/A_bird_sitting_on_top__of_an_orange_slice.png,0.14705057442188263
GPTimage2-photoreal,2026,1,/shared/home/sarim.hashmi/usenix/benchmark/normalized/GPTimage2-photoreal/fake/A_black_and_white_photo_of_an_old_locomotive.png,0.06186049059033394
GPTimage2-photoreal,2026,1,/shared/home/sarim.hashmi/usenix/benchmark/normalized/GPTimage2-photoreal/fake/A_black_and_white_picture_of_a_stop_sign.png,0.31243813037872314
GPTimage2-photoreal,2026,1,/shared/home/sarim.hashmi/usenix/benchmark/normalized/GPTimage2-photoreal/fake/A_black_bird_landing_on_the_leaves_in_the_water.png,0.06658334285020828
GPTimage2-photoreal,2026,1,/shared/home/sarim.hashmi/usenix/benchmark/normalized/GPTimage2-photoreal/fake/A_black_lab_waits_at_a_picnic_table_for_it_s_maste.png,0.04325428977608681
GPTimage2-photoreal,2026,1,/shared/home/sarim.hashmi/usenix/benchmark/normalized/GPTimage2-photoreal/fake/A_car_passes_by_to_find_a_man_outside_near_a_TV.png,0.38971465826034546
GPTimage2-photoreal,2026,1,/shared/home/sarim.hashmi/usenix/benchmark/normalized/GPTimage2-photoreal/fake/A_cat_is_sitting_outdoors_near_a_park_bench.png,0.10123348236083984
GPTimage2-photoreal,2026,1,/shared/home/sarim.hashmi/usenix/benchmark/normalized/GPTimage2-photoreal/fake/A_child_with_a_helmet_on_a_motor_bike.png,0.4614259898662567
GPTimage2-photoreal,2026,1,/shared/home/sarim.hashmi/usenix/benchmark/normalized/GPTimage2-photoreal/fake/A_christmas_wreath_is_hanging_from_the_door.png,0.9128307700157166
GPTimage2-photoreal,2026,1,/shared/home/sarim.hashmi/usenix/benchmark/normalized/GPTimage2-photoreal/fake/A_city_street_with_no_traffic_line_with_traffic_li.png,0.13195520639419556
GPTimage2-photoreal,2026,1,/shared/home/sarim.hashmi/usenix/benchmark/normalized/GPTimage2-photoreal/fake/A_couple_of_people_walking_down_a_sidewalk_with_st.png,0.14004510641098022
GPTimage2-photoreal,2026,1,/shared/home/sarim.hashmi/usenix/benchmark/normalized/GPTimage2-photoreal/fake/A_cow_standing_next_to_a_shelf_with_many_drinks.png,0.1933789700269699
GPTimage2-photoreal,2026,1,/shared/home/sarim.hashmi/usenix/benchmark/normalized/GPTimage2-photoreal/fake/A_crossroads_sign_with_a_car_parked_nearby.png,0.09184816479682922
GPTimage2-photoreal,2026,1,/shared/home/sarim.hashmi/usenix/benchmark/normalized/GPTimage2-photoreal/fake/A_crowd_of_passengers_standing_outside_of_a_commut.png,0.41916459798812866
GPTimage2-photoreal,2026,1,/shared/home/sarim.hashmi/usenix/benchmark/normalized/GPTimage2-photoreal/fake/A_drawing_of_a_yellow_headphone_cord_and_an_ear_pi.png,0.2162313312292099
GPTimage2-photoreal,2026,1,/shared/home/sarim.hashmi/usenix/benchmark/normalized/GPTimage2-photoreal/fake/A_foggy_day_shows_buildings_in_the_background_as_a.png,0.042389482259750366
GPTimage2-photoreal,2026,1,/shared/home/sarim.hashmi/usenix/benchmark/normalized/GPTimage2-photoreal/fake/A_foggy_view_of_an_airplane_sitting_in_a_yard.png,0.06884196400642395
GPTimage2-photoreal,2026,1,/shared/home/sarim.hashmi/usenix/benchmark/normalized/GPTimage2-photoreal/fake/A_giraffe_standing_in_a_lush_green_field.png,0.14336036145687103
GPTimage2-photoreal,2026,1,/shared/home/sarim.hashmi/usenix/benchmark/normalized/GPTimage2-photoreal/fake/A_giraffe_sticking_its_head_in_a_feeding_basket_wi.png,0.15902969241142273
GPTimage2-photoreal,2026,1,/shared/home/sarim.hashmi/usenix/benchmark/normalized/GPTimage2-photoreal/fake/A_giraffe_walking_through_the_jungle_next_to_mount.png,0.06448695808649063
GPTimage2-photoreal,2026,1,/shared/home/sarim.hashmi/usenix/benchmark/normalized/GPTimage2-photoreal/fake/A_green_7th_street_sign_hanging_from_a_wooden_pole.png,0.21977917850017548
GPTimage2-photoreal,2026,1,/shared/home/sarim.hashmi/usenix/benchmark/normalized/GPTimage2-photoreal/fake/A_group_of_friends_standing_next_to_each_other_at.png,0.2152494341135025
GPTimage2-photoreal,2026,1,/shared/home/sarim.hashmi/usenix/benchmark/normalized/GPTimage2-photoreal/fake/A_group_of_people_fishing_next_to_a_railroad_bridg.png,0.48737233877182007
GPTimage2-photoreal,2026,1,/shared/home/sarim.hashmi/usenix/benchmark/normalized/GPTimage2-photoreal/fake/A_group_of_people_with_a_cell_phone_the_side_of_a.png,0.2832142114639282
GPTimage2-photoreal,2026,1,/shared/home/sarim.hashmi/usenix/benchmark/normalized/GPTimage2-photoreal/fake/A_hallway_with_yellow_painted_walls_and_a_light_mo.png,0.12878106534481049
GPTimage2-photoreal,2026,1,/shared/home/sarim.hashmi/usenix/benchmark/normalized/GPTimage2-photoreal/fake/A_large_blue_octopus_kite_flies_above_the_people_h.png,0.18009936809539795
GPTimage2-photoreal,2026,1,/shared/home/sarim.hashmi/usenix/benchmark/normalized/GPTimage2-photoreal/fake/A_man_has_stopped_in_the_middle_of_the_street_and.png,0.0816098228096962
GPTimage2-photoreal,2026,1,/shared/home/sarim.hashmi/usenix/benchmark/normalized/GPTimage2-photoreal/fake/A_man_on_a_motorcycle_outside_in_a_black_and_white.png,0.15804724395275116
GPTimage2-photoreal,2026,1,/shared/home/sarim.hashmi/usenix/benchmark/normalized/GPTimage2-photoreal/fake/A_man_sits_on_a_bench_and_stares_into_the_distance.png,0.15024198591709137
GPTimage2-photoreal,2026,1,/shared/home/sarim.hashmi/usenix/benchmark/normalized/GPTimage2-photoreal/fake/A_man_walking_past_a_train_at_a_train_station.png,0.2748968303203583
GPTimage2-photoreal,2026,1,/shared/home/sarim.hashmi/usenix/benchmark/normalized/GPTimage2-photoreal/fake/A_night_time_image_of_a_very_wide_and_crowded_city.png,0.03311954066157341
GPTimage2-photoreal,2026,1,/shared/home/sarim.hashmi/usenix/benchmark/normalized/GPTimage2-photoreal/fake/A_park_bench_surrounded_by_a_green_forest_of_trees.png,0.1345403641462326
GPTimage2-photoreal,2026,1,/shared/home/sarim.hashmi/usenix/benchmark/normalized/GPTimage2-photoreal/fake/A_park_with_many_trees_and_benches_at_night.png,0.23123137652873993
GPTimage2-photoreal,2026,1,/shared/home/sarim.hashmi/usenix/benchmark/normalized/GPTimage2-photoreal/fake/A_person_standing_in_front_of_a_stop_sign_in_the_d.png,0.1878388673067093
GPTimage2-photoreal,2026,1,/shared/home/sarim.hashmi/usenix/benchmark/normalized/GPTimage2-photoreal/fake/A_person_walking_down_a_sidewalk_at_night.png,0.09456169605255127
GPTimage2-photoreal,2026,1,/shared/home/sarim.hashmi/usenix/benchmark/normalized/GPTimage2-photoreal/fake/A_photo_of_a_cat_in_black_and_white__The_person_ta.png,0.8998700976371765
GPTimage2-photoreal,2026,1,/shared/home/sarim.hashmi/usenix/benchmark/normalized/GPTimage2-photoreal/fake/A_picture_of_people_watching_TV_in_the_living_room.png,0.2529255151748657
GPTimage2-photoreal,2026,1,/shared/home/sarim.hashmi/usenix/benchmark/normalized/GPTimage2-photoreal/fake/A_railroad_train_heading_toward_a_traffic_light_on.png,0.05865997448563576
GPTimage2-photoreal,2026,1,/shared/home/sarim.hashmi/usenix/benchmark/normalized/GPTimage2-photoreal/fake/A_red__grey_and_white_airplane_passes_overhead.png,0.08159808069467545
GPTimage2-photoreal,2026,1,/shared/home/sarim.hashmi/usenix/benchmark/normalized/GPTimage2-photoreal/fake/A_red_fire_hydrant_with_a_green_cap_with_a_bird_on.png,0.02501116693019867
GPTimage2-photoreal,2026,1,/shared/home/sarim.hashmi/usenix/benchmark/normalized/GPTimage2-photoreal/fake/A_series_of_photos_showing_different_restroom_item.png,0.5390122532844543
GPTimage2-photoreal,2026,1,/shared/home/sarim.hashmi/usenix/benchmark/normalized/GPTimage2-photoreal/fake/A_sign_for_Davidson_College_outside_of_one_of_its.png,0.771518349647522
GPTimage2-photoreal,2026,1,/shared/home/sarim.hashmi/usenix/benchmark/normalized/GPTimage2-photoreal/fake/A_sign_littered_with_stickers_on_a_pole_with_a_cro.png,0.4369176924228668
GPTimage2-photoreal,2026,1,/shared/home/sarim.hashmi/usenix/benchmark/normalized/GPTimage2-photoreal/fake/A_silver_miniature_train_with_trees_in_background.png,0.8989226818084717
GPTimage2-photoreal,2026,1,/shared/home/sarim.hashmi/usenix/benchmark/normalized/GPTimage2-photoreal/fake/A_ski_resort_that_has_a_couple_people_outside.png,0.040934979915618896
GPTimage2-photoreal,2026,1,/shared/home/sarim.hashmi/usenix/benchmark/normalized/GPTimage2-photoreal/fake/A_small_airplane_flying_through_a_blue_sky.png,0.12283844500780106
GPTimage2-photoreal,2026,1,/shared/home/sarim.hashmi/usenix/benchmark/normalized/GPTimage2-photoreal/fake/A_small_lamb_with_a_blue_rope_tied_around_its_head.png,0.03932727873325348
GPTimage2-photoreal,2026,1,/shared/home/sarim.hashmi/usenix/benchmark/normalized/GPTimage2-photoreal/fake/A_traffic_light_on_a_table_with_a_checkered_cloth.png,0.18145808577537537
GPTimage2-photoreal,2026,1,/shared/home/sarim.hashmi/usenix/benchmark/normalized/GPTimage2-photoreal/fake/A_traffic_light_with_a_smile_green_light_above_a_r.png,0.0680040568113327
GPTimage2-photoreal,2026,1,/shared/home/sarim.hashmi/usenix/benchmark/normalized/GPTimage2-photoreal/fake/A_trashcan_has_been_knocked_over_in_a_kitchen.png,0.09852846711874008
GPTimage2-photoreal,2026,1,/shared/home/sarim.hashmi/usenix/benchmark/normalized/GPTimage2-photoreal/fake/A_very_cute_cat_looking_at_a_bird_by_a_bike_tire.png,0.7480077147483826
GPTimage2-photoreal,2026,1,/shared/home/sarim.hashmi/usenix/benchmark/normalized/GPTimage2-photoreal/fake/A_very_nice_looking_train_by_a_plat_form.png,0.09493743628263474
GPTimage2-photoreal,2026,1,/shared/home/sarim.hashmi/usenix/benchmark/normalized/GPTimage2-photoreal/fake/A_white_bus_sitting_on_top_of_a_grass_field.png,0.2430419921875
GPTimage2-photoreal,2026,1,/shared/home/sarim.hashmi/usenix/benchmark/normalized/GPTimage2-photoreal/fake/A_white_toilet_sitting_in_a_bathroom_under_a_white.png,0.42648541927337646
GPTimage2-photoreal,2026,1,/shared/home/sarim.hashmi/usenix/benchmark/normalized/GPTimage2-photoreal/fake/A_woman_putting_on_a_lipstick_holding_a_sharp_knif.png,0.09107036143541336
GPTimage2-photoreal,2026,1,/shared/home/sarim.hashmi/usenix/benchmark/normalized/GPTimage2-photoreal/fake/Adult_woman_taking_self_portrait_using_camera_look.png,0.175532728433609
GPTimage2-photoreal,2026,1,/shared/home/sarim.hashmi/usenix/benchmark/normalized/GPTimage2-photoreal/fake/An_airplane_crossing_above_a_metal_structure_on_a.png,0.8266696333885193
GPTimage2-photoreal,2026,1,/shared/home/sarim.hashmi/usenix/benchmark/normalized/GPTimage2-photoreal/fake/An_airplane_flies_up_into_the_sky_with_the_wheel_o.png,0.09814783930778503
GPTimage2-photoreal,2026,1,/shared/home/sarim.hashmi/usenix/benchmark/normalized/GPTimage2-photoreal/fake/An_empty_intersection_of_a_colorful_urban_area.png,0.31286221742630005
GPTimage2-photoreal,2026,1,/shared/home/sarim.hashmi/usenix/benchmark/normalized/GPTimage2-photoreal/fake/An_old_black_and_white_photo_of_two_men_in_suits.png,0.17293938994407654
GPTimage2-photoreal,2026,1,/shared/home/sarim.hashmi/usenix/benchmark/normalized/GPTimage2-photoreal/fake/An_orange_lying_next_to_a_green_utensil.png,0.15407460927963257
GPTimage2-photoreal,2026,1,/shared/home/sarim.hashmi/usenix/benchmark/normalized/GPTimage2-photoreal/fake/Benches_line_the_sidewalk_of_a_city_park_in_autumn.png,0.11790470033884048
GPTimage2-photoreal,2026,1,/shared/home/sarim.hashmi/usenix/benchmark/normalized/GPTimage2-photoreal/fake/Clear_blue_sky_s_with_a_plane_flying_by.png,0.14643405377864838
GPTimage2-photoreal,2026,1,/shared/home/sarim.hashmi/usenix/benchmark/normalized/GPTimage2-photoreal/fake/Emergency_vehicles_are_on_the_scene_of_the_acciden.png,0.21360428631305695
GPTimage2-photoreal,2026,1,/shared/home/sarim.hashmi/usenix/benchmark/normalized/GPTimage2-photoreal/fake/Four_officer_are_riding_motorcycles_with_giant_let.png,0.8450659513473511
GPTimage2-photoreal,2026,1,/shared/home/sarim.hashmi/usenix/benchmark/normalized/GPTimage2-photoreal/fake/Heavy_snow_covers_a_picnic_bench_next_to_a_tree.png,0.037689048796892166
GPTimage2-photoreal,2026,1,/shared/home/sarim.hashmi/usenix/benchmark/normalized/GPTimage2-photoreal/fake/Several_men_sitting_in_front_of_a_large_wall.png,0.14729313552379608
GPTimage2-photoreal,2026,1,/shared/home/sarim.hashmi/usenix/benchmark/normalized/GPTimage2-photoreal/fake/Several_people_standing_together_with_a_red_stopli.png,0.08919864147901535
GPTimage2-photoreal,2026,1,/shared/home/sarim.hashmi/usenix/benchmark/normalized/GPTimage2-photoreal/fake/Small_bird_sitting_on_a_skateboard_posed_in_front.png,0.09438668936491013
GPTimage2-photoreal,2026,1,/shared/home/sarim.hashmi/usenix/benchmark/normalized/GPTimage2-photoreal/fake/Some_pans_and_kitchen_spoons_hang_from_hooks_on_a.png,0.8058712482452393
GPTimage2-photoreal,2026,1,/shared/home/sarim.hashmi/usenix/benchmark/normalized/GPTimage2-photoreal/fake/Street_signs_are_affixed_to_a_utility_pole.png,0.616590678691864
GPTimage2-photoreal,2026,1,/shared/home/sarim.hashmi/usenix/benchmark/normalized/GPTimage2-photoreal/fake/That_looks_like_a_wall_mural_in_the_background_of.png,0.0923580601811409
GPTimage2-photoreal,2026,1,/shared/home/sarim.hashmi/usenix/benchmark/normalized/GPTimage2-photoreal/fake/The_dog_with_a_cartoon_collar_is_looking_out_of_a.png,0.1608230471611023
GPTimage2-photoreal,2026,1,/shared/home/sarim.hashmi/usenix/benchmark/normalized/GPTimage2-photoreal/fake/The_door_of_a_public_bus_with_a_reflection_of_a_wo.png,0.06675940752029419
GPTimage2-photoreal,2026,1,/shared/home/sarim.hashmi/usenix/benchmark/normalized/GPTimage2-photoreal/fake/The_graveyard_in_front_of_the_church_is_very_spook.png,0.06994915753602982
GPTimage2-photoreal,2026,1,/shared/home/sarim.hashmi/usenix/benchmark/normalized/GPTimage2-photoreal/fake/The_rear_view_mirror_of_a_cityh_bus_driving_down_a.png,0.712367832660675
GPTimage2-photoreal,2026,1,/shared/home/sarim.hashmi/usenix/benchmark/normalized/GPTimage2-photoreal/fake/The_reflection_of_a_woman__in_a_rear_view_mirror_s.png,0.7861866354942322
GPTimage2-photoreal,2026,1,/shared/home/sarim.hashmi/usenix/benchmark/normalized/GPTimage2-photoreal/fake/There_is_a_bowl_of_fresh_fruit_on_the_table.png,0.14497840404510498
GPTimage2-photoreal,2026,1,/shared/home/sarim.hashmi/usenix/benchmark/normalized/GPTimage2-photoreal/fake/This_is_an_open_box_containing_four_cucumbers.png,0.07361596822738647
GPTimage2-photoreal,2026,1,/shared/home/sarim.hashmi/usenix/benchmark/normalized/GPTimage2-photoreal/fake/This_is_what_is_left_of_a_kitchen_in_an_abandoned.png,0.08519494533538818
GPTimage2-photoreal,2026,1,/shared/home/sarim.hashmi/usenix/benchmark/normalized/GPTimage2-photoreal/fake/This_room_has_a_wall_with_a_mural_on_it.png,0.5646339654922485
GPTimage2-photoreal,2026,1,/shared/home/sarim.hashmi/usenix/benchmark/normalized/GPTimage2-photoreal/fake/Two_children_under_a_Sesame_Street_sign_on_a_light.png,0.8109566569328308
GPTimage2-photoreal,2026,1,/shared/home/sarim.hashmi/usenix/benchmark/normalized/GPTimage2-photoreal/fake/a_big_field_of_sheep_that_are_outside.png,0.053554460406303406
GPTimage2-photoreal,2026,1,/shared/home/sarim.hashmi/usenix/benchmark/normalized/GPTimage2-photoreal/fake/a_bird_flying_thru_the_sky_with_mountains_in_the_b.png,0.20894557237625122
GPTimage2-photoreal,2026,1,/shared/home/sarim.hashmi/usenix/benchmark/normalized/GPTimage2-photoreal/fake/a_giraffe_leaning_over_a_fence_to_eat_out_of_a_bow.png,0.5534613132476807
GPTimage2-photoreal,2026,1,/shared/home/sarim.hashmi/usenix/benchmark/normalized/GPTimage2-photoreal/fake/a_man_on_a_motorcycle_driving_down_a_track.png,0.10449034720659256
GPTimage2-photoreal,2026,1,/shared/home/sarim.hashmi/usenix/benchmark/normalized/GPTimage2-photoreal/fake/a_person_with_a_bat_near_many_tvs.png,0.12152048945426941
GPTimage2-photoreal,2026,1,/shared/home/sarim.hashmi/usenix/benchmark/normalized/GPTimage2-photoreal/fake/a_pic_with_a_hydrant_outside_in_the_field.png,0.12872853875160217
GPTimage2-photoreal,2026,1,/shared/home/sarim.hashmi/usenix/benchmark/normalized/GPTimage2-photoreal/fake/a_pole_that_has_a_sign_attached_to_it.png,0.34309375286102295
GPTimage2-photoreal,2026,1,/shared/home/sarim.hashmi/usenix/benchmark/normalized/GPTimage2-photoreal/fake/a_small_plane_is_flying_in_the_sky.png,0.11272861808538437
GPTimage2-photoreal,2026,1,/shared/home/sarim.hashmi/usenix/benchmark/normalized/GPTimage2-photoreal/fake/a_sunset_over_the_water_with_birds_in_the_air.png,0.09720808267593384
GPTimage2-photoreal,2026,1,/shared/home/sarim.hashmi/usenix/benchmark/normalized/GPTimage2-photoreal/fake/ranodm_bus_pulled_over_on_the_side_of_the_road.png,0.3914119601249695
GPTimage2-photoreal,2026,1,/shared/home/sarim.hashmi/usenix/benchmark/normalized/GPTimage2-photoreal/fake/some_black_and_white_train_cars_and_some_train_tra.png,0.22452206909656525
GPTimage2-photoreal,2026,0,/shared/home/sarim.hashmi/usenix/benchmark/normalized/GPTimage2-photoreal/real/A_bathroom_contains_a_shower__a_sink__and_a_mirror.png,0.022268321365118027
GPTimage2-photoreal,2026,0,/shared/home/sarim.hashmi/usenix/benchmark/normalized/GPTimage2-photoreal/real/A_bathroom_is_photographed_with_a_fisheye_filter.png,0.05115008354187012
GPTimage2-photoreal,2026,0,/shared/home/sarim.hashmi/usenix/benchmark/normalized/GPTimage2-photoreal/real/A_bathroom_with_a_stained_glass_and_stone_wall_and.png,0.968702495098114
GPTimage2-photoreal,2026,0,/shared/home/sarim.hashmi/usenix/benchmark/normalized/GPTimage2-photoreal/real/A_bathroom_with_four_urinals_and_a_drain_on_the_fl.png,0.022322870790958405
GPTimage2-photoreal,2026,0,/shared/home/sarim.hashmi/usenix/benchmark/normalized/GPTimage2-photoreal/real/A_bathtub_sitting_under_a_chandelier_and_next_to_a.png,0.11788280308246613
GPTimage2-photoreal,2026,0,/shared/home/sarim.hashmi/usenix/benchmark/normalized/GPTimage2-photoreal/real/A_bird_is_sitting_on_a_bench_in_the_grass.png,0.026670066639780998
GPTimage2-photoreal,2026,0,/shared/home/sarim.hashmi/usenix/benchmark/normalized/GPTimage2-photoreal/real/A_bird_sitting_in_a_field_of_beautiful_purple_flow.png,0.03250042721629143
GPTimage2-photoreal,2026,0,/shared/home/sarim.hashmi/usenix/benchmark/normalized/GPTimage2-photoreal/real/A_bird_sitting_on_top__of_an_orange_slice.png,0.029334204271435738
GPTimage2-photoreal,2026,0,/shared/home/sarim.hashmi/usenix/benchmark/normalized/GPTimage2-photoreal/real/A_black_and_white_photo_of_an_old_locomotive.png,0.034041985869407654
GPTimage2-photoreal,2026,0,/shared/home/sarim.hashmi/usenix/benchmark/normalized/GPTimage2-photoreal/real/A_black_and_white_picture_of_a_stop_sign.png,0.029546521604061127
GPTimage2-photoreal,2026,0,/shared/home/sarim.hashmi/usenix/benchmark/normalized/GPTimage2-photoreal/real/A_black_bird_landing_on_the_leaves_in_the_water.png,0.07392352819442749
GPTimage2-photoreal,2026,0,/shared/home/sarim.hashmi/usenix/benchmark/normalized/GPTimage2-photoreal/real/A_black_lab_waits_at_a_picnic_table_for_it_s_maste.png,0.1119236871600151
GPTimage2-photoreal,2026,0,/shared/home/sarim.hashmi/usenix/benchmark/normalized/GPTimage2-photoreal/real/A_car_passes_by_to_find_a_man_outside_near_a_TV.png,0.02733357809484005
GPTimage2-photoreal,2026,0,/shared/home/sarim.hashmi/usenix/benchmark/normalized/GPTimage2-photoreal/real/A_cat_is_sitting_outdoors_near_a_park_bench.png,0.07140077650547028
GPTimage2-photoreal,2026,0,/shared/home/sarim.hashmi/usenix/benchmark/normalized/GPTimage2-photoreal/real/A_child_with_a_helmet_on_a_motor_bike.png,0.026884471997618675
GPTimage2-photoreal,2026,0,/shared/home/sarim.hashmi/usenix/benchmark/normalized/GPTimage2-photoreal/real/A_christmas_wreath_is_hanging_from_the_door.png,0.19995920360088348
GPTimage2-photoreal,2026,0,/shared/home/sarim.hashmi/usenix/benchmark/normalized/GPTimage2-photoreal/real/A_city_street_with_no_traffic_line_with_traffic_li.png,0.0267291609197855
GPTimage2-photoreal,2026,0,/shared/home/sarim.hashmi/usenix/benchmark/normalized/GPTimage2-photoreal/real/A_couple_of_people_walking_down_a_sidewalk_with_st.png,0.0373457595705986
GPTimage2-photoreal,2026,0,/shared/home/sarim.hashmi/usenix/benchmark/normalized/GPTimage2-photoreal/real/A_cow_standing_next_to_a_shelf_with_many_drinks.png,0.025322506204247475
GPTimage2-photoreal,2026,0,/shared/home/sarim.hashmi/usenix/benchmark/normalized/GPTimage2-photoreal/real/A_crossroads_sign_with_a_car_parked_nearby.png,0.12241186201572418
GPTimage2-photoreal,2026,0,/shared/home/sarim.hashmi/usenix/benchmark/normalized/GPTimage2-photoreal/real/A_crowd_of_passengers_standing_outside_of_a_commut.png,0.02252752147614956
GPTimage2-photoreal,2026,0,/shared/home/sarim.hashmi/usenix/benchmark/normalized/GPTimage2-photoreal/real/A_drawing_of_a_yellow_headphone_cord_and_an_ear_pi.png,0.1401100754737854
GPTimage2-photoreal,2026,0,/shared/home/sarim.hashmi/usenix/benchmark/normalized/GPTimage2-photoreal/real/A_foggy_day_shows_buildings_in_the_background_as_a.png,0.029102571308612823
GPTimage2-photoreal,2026,0,/shared/home/sarim.hashmi/usenix/benchmark/normalized/GPTimage2-photoreal/real/A_foggy_view_of_an_airplane_sitting_in_a_yard.png,0.06295011192560196
GPTimage2-photoreal,2026,0,/shared/home/sarim.hashmi/usenix/benchmark/normalized/GPTimage2-photoreal/real/A_giraffe_standing_in_a_lush_green_field.png,0.04010677710175514
GPTimage2-photoreal,2026,0,/shared/home/sarim.hashmi/usenix/benchmark/normalized/GPTimage2-photoreal/real/A_giraffe_sticking_its_head_in_a_feeding_basket_wi.png,0.03394347429275513
GPTimage2-photoreal,2026,0,/shared/home/sarim.hashmi/usenix/benchmark/normalized/GPTimage2-photoreal/real/A_giraffe_walking_through_the_jungle_next_to_mount.png,0.025700241327285767
GPTimage2-photoreal,2026,0,/shared/home/sarim.hashmi/usenix/benchmark/normalized/GPTimage2-photoreal/real/A_green_7th_street_sign_hanging_from_a_wooden_pole.png,0.20837675034999847
GPTimage2-photoreal,2026,0,/shared/home/sarim.hashmi/usenix/benchmark/normalized/GPTimage2-photoreal/real/A_group_of_friends_standing_next_to_each_other_at.png,0.1138421967625618
GPTimage2-photoreal,2026,0,/shared/home/sarim.hashmi/usenix/benchmark/normalized/GPTimage2-photoreal/real/A_group_of_people_fishing_next_to_a_railroad_bridg.png,0.030914688482880592
GPTimage2-photoreal,2026,0,/shared/home/sarim.hashmi/usenix/benchmark/normalized/GPTimage2-photoreal/real/A_group_of_people_with_a_cell_phone_the_side_of_a.png,0.07172337174415588
GPTimage2-photoreal,2026,0,/shared/home/sarim.hashmi/usenix/benchmark/normalized/GPTimage2-photoreal/real/A_hallway_with_yellow_painted_walls_and_a_light_mo.png,0.04839580878615379
GPTimage2-photoreal,2026,0,/shared/home/sarim.hashmi/usenix/benchmark/normalized/GPTimage2-photoreal/real/A_large_blue_octopus_kite_flies_above_the_people_h.png,0.04532434791326523
GPTimage2-photoreal,2026,0,/shared/home/sarim.hashmi/usenix/benchmark/normalized/GPTimage2-photoreal/real/A_man_has_stopped_in_the_middle_of_the_street_and.png,0.027038827538490295
GPTimage2-photoreal,2026,0,/shared/home/sarim.hashmi/usenix/benchmark/normalized/GPTimage2-photoreal/real/A_man_on_a_motorcycle_outside_in_a_black_and_white.png,0.03642494976520538
GPTimage2-photoreal,2026,0,/shared/home/sarim.hashmi/usenix/benchmark/normalized/GPTimage2-photoreal/real/A_man_sits_on_a_bench_and_stares_into_the_distance.png,0.02479219250380993
GPTimage2-photoreal,2026,0,/shared/home/sarim.hashmi/usenix/benchmark/normalized/GPTimage2-photoreal/real/A_man_walking_past_a_train_at_a_train_station.png,0.026537878438830376
GPTimage2-photoreal,2026,0,/shared/home/sarim.hashmi/usenix/benchmark/normalized/GPTimage2-photoreal/real/A_night_time_image_of_a_very_wide_and_crowded_city.png,0.02394970878958702
GPTimage2-photoreal,2026,0,/shared/home/sarim.hashmi/usenix/benchmark/normalized/GPTimage2-photoreal/real/A_park_bench_surrounded_by_a_green_forest_of_trees.png,0.08925167471170425
GPTimage2-photoreal,2026,0,/shared/home/sarim.hashmi/usenix/benchmark/normalized/GPTimage2-photoreal/real/A_park_with_many_trees_and_benches_at_night.png,0.02785823866724968
GPTimage2-photoreal,2026,0,/shared/home/sarim.hashmi/usenix/benchmark/normalized/GPTimage2-photoreal/real/A_person_standing_in_front_of_a_stop_sign_in_the_d.png,0.02617749013006687
GPTimage2-photoreal,2026,0,/shared/home/sarim.hashmi/usenix/benchmark/normalized/GPTimage2-photoreal/real/A_person_walking_down_a_sidewalk_at_night.png,0.04422171786427498
GPTimage2-photoreal,2026,0,/shared/home/sarim.hashmi/usenix/benchmark/normalized/GPTimage2-photoreal/real/A_photo_of_a_cat_in_black_and_white__The_person_ta.png,0.03320525959134102
GPTimage2-photoreal,2026,0,/shared/home/sarim.hashmi/usenix/benchmark/normalized/GPTimage2-photoreal/real/A_picture_of_people_watching_TV_in_the_living_room.png,0.03712122142314911
GPTimage2-photoreal,2026,0,/shared/home/sarim.hashmi/usenix/benchmark/normalized/GPTimage2-photoreal/real/A_railroad_train_heading_toward_a_traffic_light_on.png,0.028211534023284912
GPTimage2-photoreal,2026,0,/shared/home/sarim.hashmi/usenix/benchmark/normalized/GPTimage2-photoreal/real/A_red__grey_and_white_airplane_passes_overhead.png,0.02272866480052471
GPTimage2-photoreal,2026,0,/shared/home/sarim.hashmi/usenix/benchmark/normalized/GPTimage2-photoreal/real/A_red_fire_hydrant_with_a_green_cap_with_a_bird_on.png,0.01659471169114113
GPTimage2-photoreal,2026,0,/shared/home/sarim.hashmi/usenix/benchmark/normalized/GPTimage2-photoreal/real/A_series_of_photos_showing_different_restroom_item.png,0.06664329767227173
GPTimage2-photoreal,2026,0,/shared/home/sarim.hashmi/usenix/benchmark/normalized/GPTimage2-photoreal/real/A_sign_for_Davidson_College_outside_of_one_of_its.png,0.027290092781186104
GPTimage2-photoreal,2026,0,/shared/home/sarim.hashmi/usenix/benchmark/normalized/GPTimage2-photoreal/real/A_sign_littered_with_stickers_on_a_pole_with_a_cro.png,0.023634137585759163
GPTimage2-photoreal,2026,0,/shared/home/sarim.hashmi/usenix/benchmark/normalized/GPTimage2-photoreal/real/A_silver_miniature_train_with_trees_in_background.png,0.029821548610925674
GPTimage2-photoreal,2026,0,/shared/home/sarim.hashmi/usenix/benchmark/normalized/GPTimage2-photoreal/real/A_ski_resort_that_has_a_couple_people_outside.png,0.025692623108625412
GPTimage2-photoreal,2026,0,/shared/home/sarim.hashmi/usenix/benchmark/normalized/GPTimage2-photoreal/real/A_small_airplane_flying_through_a_blue_sky.png,0.06532961130142212
GPTimage2-photoreal,2026,0,/shared/home/sarim.hashmi/usenix/benchmark/normalized/GPTimage2-photoreal/real/A_small_lamb_with_a_blue_rope_tied_around_its_head.png,0.02976849675178528
GPTimage2-photoreal,2026,0,/shared/home/sarim.hashmi/usenix/benchmark/normalized/GPTimage2-photoreal/real/A_traffic_light_on_a_table_with_a_checkered_cloth.png,0.060409486293792725
GPTimage2-photoreal,2026,0,/shared/home/sarim.hashmi/usenix/benchmark/normalized/GPTimage2-photoreal/real/A_traffic_light_with_a_smile_green_light_above_a_r.png,0.026589997112751007
GPTimage2-photoreal,2026,0,/shared/home/sarim.hashmi/usenix/benchmark/normalized/GPTimage2-photoreal/real/A_trashcan_has_been_knocked_over_in_a_kitchen.png,0.04932180419564247
GPTimage2-photoreal,2026,0,/shared/home/sarim.hashmi/usenix/benchmark/normalized/GPTimage2-photoreal/real/A_very_cute_cat_looking_at_a_bird_by_a_bike_tire.png,0.025142904371023178
GPTimage2-photoreal,2026,0,/shared/home/sarim.hashmi/usenix/benchmark/normalized/GPTimage2-photoreal/real/A_very_nice_looking_train_by_a_plat_form.png,0.019844867289066315
GPTimage2-photoreal,2026,0,/shared/home/sarim.hashmi/usenix/benchmark/normalized/GPTimage2-photoreal/real/A_white_bus_sitting_on_top_of_a_grass_field.png,0.13129746913909912
GPTimage2-photoreal,2026,0,/shared/home/sarim.hashmi/usenix/benchmark/normalized/GPTimage2-photoreal/real/A_white_toilet_sitting_in_a_bathroom_under_a_white.png,0.05344279110431671
GPTimage2-photoreal,2026,0,/shared/home/sarim.hashmi/usenix/benchmark/normalized/GPTimage2-photoreal/real/A_woman_putting_on_a_lipstick_holding_a_sharp_knif.png,0.551831066608429
GPTimage2-photoreal,2026,0,/shared/home/sarim.hashmi/usenix/benchmark/normalized/GPTimage2-photoreal/real/Adult_woman_taking_self_portrait_using_camera_look.png,0.02561076730489731
GPTimage2-photoreal,2026,0,/shared/home/sarim.hashmi/usenix/benchmark/normalized/GPTimage2-photoreal/real/An_airplane_crossing_above_a_metal_structure_on_a.png,0.021725697442889214
GPTimage2-photoreal,2026,0,/shared/home/sarim.hashmi/usenix/benchmark/normalized/GPTimage2-photoreal/real/An_airplane_flies_up_into_the_sky_with_the_wheel_o.png,0.07662943005561829
GPTimage2-photoreal,2026,0,/shared/home/sarim.hashmi/usenix/benchmark/normalized/GPTimage2-photoreal/real/An_empty_intersection_of_a_colorful_urban_area.png,0.032501012086868286
GPTimage2-photoreal,2026,0,/shared/home/sarim.hashmi/usenix/benchmark/normalized/GPTimage2-photoreal/real/An_old_black_and_white_photo_of_two_men_in_suits.png,0.07195844501256943
GPTimage2-photoreal,2026,0,/shared/home/sarim.hashmi/usenix/benchmark/normalized/GPTimage2-photoreal/real/An_orange_lying_next_to_a_green_utensil.png,0.0727093294262886
GPTimage2-photoreal,2026,0,/shared/home/sarim.hashmi/usenix/benchmark/normalized/GPTimage2-photoreal/real/Benches_line_the_sidewalk_of_a_city_park_in_autumn.png,0.04326678067445755
GPTimage2-photoreal,2026,0,/shared/home/sarim.hashmi/usenix/benchmark/normalized/GPTimage2-photoreal/real/Clear_blue_sky_s_with_a_plane_flying_by.png,0.05731187388300896
GPTimage2-photoreal,2026,0,/shared/home/sarim.hashmi/usenix/benchmark/normalized/GPTimage2-photoreal/real/Emergency_vehicles_are_on_the_scene_of_the_acciden.png,0.035852447152137756
GPTimage2-photoreal,2026,0,/shared/home/sarim.hashmi/usenix/benchmark/normalized/GPTimage2-photoreal/real/Four_officer_are_riding_motorcycles_with_giant_let.png,0.02257290482521057
GPTimage2-photoreal,2026,0,/shared/home/sarim.hashmi/usenix/benchmark/normalized/GPTimage2-photoreal/real/Heavy_snow_covers_a_picnic_bench_next_to_a_tree.png,0.021278658881783485
GPTimage2-photoreal,2026,0,/shared/home/sarim.hashmi/usenix/benchmark/normalized/GPTimage2-photoreal/real/Several_men_sitting_in_front_of_a_large_wall.png,0.02641591988503933
GPTimage2-photoreal,2026,0,/shared/home/sarim.hashmi/usenix/benchmark/normalized/GPTimage2-photoreal/real/Several_people_standing_together_with_a_red_stopli.png,0.02421170473098755
GPTimage2-photoreal,2026,0,/shared/home/sarim.hashmi/usenix/benchmark/normalized/GPTimage2-photoreal/real/Small_bird_sitting_on_a_skateboard_posed_in_front.png,0.16073763370513916
GPTimage2-photoreal,2026,0,/shared/home/sarim.hashmi/usenix/benchmark/normalized/GPTimage2-photoreal/real/Some_pans_and_kitchen_spoons_hang_from_hooks_on_a.png,0.05695144087076187
GPTimage2-photoreal,2026,0,/shared/home/sarim.hashmi/usenix/benchmark/normalized/GPTimage2-photoreal/real/Street_signs_are_affixed_to_a_utility_pole.png,0.01693752594292164
GPTimage2-photoreal,2026,0,/shared/home/sarim.hashmi/usenix/benchmark/normalized/GPTimage2-photoreal/real/That_looks_like_a_wall_mural_in_the_background_of.png,0.04866230860352516
GPTimage2-photoreal,2026,0,/shared/home/sarim.hashmi/usenix/benchmark/normalized/GPTimage2-photoreal/real/The_dog_with_a_cartoon_collar_is_looking_out_of_a.png,0.02853655070066452
GPTimage2-photoreal,2026,0,/shared/home/sarim.hashmi/usenix/benchmark/normalized/GPTimage2-photoreal/real/The_door_of_a_public_bus_with_a_reflection_of_a_wo.png,0.03440085053443909
GPTimage2-photoreal,2026,0,/shared/home/sarim.hashmi/usenix/benchmark/normalized/GPTimage2-photoreal/real/The_graveyard_in_front_of_the_church_is_very_spook.png,0.130398690700531
GPTimage2-photoreal,2026,0,/shared/home/sarim.hashmi/usenix/benchmark/normalized/GPTimage2-photoreal/real/The_rear_view_mirror_of_a_cityh_bus_driving_down_a.png,0.0731719508767128
GPTimage2-photoreal,2026,0,/shared/home/sarim.hashmi/usenix/benchmark/normalized/GPTimage2-photoreal/real/The_reflection_of_a_woman__in_a_rear_view_mirror_s.png,0.032169222831726074
GPTimage2-photoreal,2026,0,/shared/home/sarim.hashmi/usenix/benchmark/normalized/GPTimage2-photoreal/real/There_is_a_bowl_of_fresh_fruit_on_the_table.png,0.02184547483921051
GPTimage2-photoreal,2026,0,/shared/home/sarim.hashmi/usenix/benchmark/normalized/GPTimage2-photoreal/real/This_is_an_open_box_containing_four_cucumbers.png,0.026909468695521355
GPTimage2-photoreal,2026,0,/shared/home/sarim.hashmi/usenix/benchmark/normalized/GPTimage2-photoreal/real/This_is_what_is_left_of_a_kitchen_in_an_abandoned.png,0.030593091621994972
GPTimage2-photoreal,2026,0,/shared/home/sarim.hashmi/usenix/benchmark/normalized/GPTimage2-photoreal/real/This_room_has_a_wall_with_a_mural_on_it.png,0.09053400903940201
GPTimage2-photoreal,2026,0,/shared/home/sarim.hashmi/usenix/benchmark/normalized/GPTimage2-photoreal/real/Two_children_under_a_Sesame_Street_sign_on_a_light.png,0.08557629585266113
GPTimage2-photoreal,2026,0,/shared/home/sarim.hashmi/usenix/benchmark/normalized/GPTimage2-photoreal/real/a_big_field_of_sheep_that_are_outside.png,0.02395564690232277
GPTimage2-photoreal,2026,0,/shared/home/sarim.hashmi/usenix/benchmark/normalized/GPTimage2-photoreal/real/a_bird_flying_thru_the_sky_with_mountains_in_the_b.png,0.0207708477973938
GPTimage2-photoreal,2026,0,/shared/home/sarim.hashmi/usenix/benchmark/normalized/GPTimage2-photoreal/real/a_giraffe_leaning_over_a_fence_to_eat_out_of_a_bow.png,0.030442731454968452
GPTimage2-photoreal,2026,0,/shared/home/sarim.hashmi/usenix/benchmark/normalized/GPTimage2-photoreal/real/a_man_on_a_motorcycle_driving_down_a_track.png,0.0179932601749897
GPTimage2-photoreal,2026,0,/shared/home/sarim.hashmi/usenix/benchmark/normalized/GPTimage2-photoreal/real/a_person_with_a_bat_near_many_tvs.png,0.08414752036333084
GPTimage2-photoreal,2026,0,/shared/home/sarim.hashmi/usenix/benchmark/normalized/GPTimage2-photoreal/real/a_pic_with_a_hydrant_outside_in_the_field.png,0.023136001080274582
GPTimage2-photoreal,2026,0,/shared/home/sarim.hashmi/usenix/benchmark/normalized/GPTimage2-photoreal/real/a_pole_that_has_a_sign_attached_to_it.png,0.06257715076208115
GPTimage2-photoreal,2026,0,/shared/home/sarim.hashmi/usenix/benchmark/normalized/GPTimage2-photoreal/real/a_small_plane_is_flying_in_the_sky.png,0.04555760324001312
GPTimage2-photoreal,2026,0,/shared/home/sarim.hashmi/usenix/benchmark/normalized/GPTimage2-photoreal/real/a_sunset_over_the_water_with_birds_in_the_air.png,0.026212124153971672
GPTimage2-photoreal,2026,0,/shared/home/sarim.hashmi/usenix/benchmark/normalized/GPTimage2-photoreal/real/ranodm_bus_pulled_over_on_the_side_of_the_road.png,0.03264160454273224
GPTimage2-photoreal,2026,0,/shared/home/sarim.hashmi/usenix/benchmark/normalized/GPTimage2-photoreal/real/some_black_and_white_train_cars_and_some_train_tra.png,0.029835019260644913
