filename,prompt
A_red_fire_hydrant_with_a_green_cap_with_a_bird_on.png,"A photorealistic amateur photo, natural lighting, taken on a phone camera. A red fire hydrant with a green cap with a bird on"
A_small_lamb_with_a_blue_rope_tied_around_its_head.png,"A photorealistic amateur photo, natural lighting, taken on a phone camera. A small lamb with a blue rope tied around its head"
A_bathroom_with_four_urinals_and_a_drain_on_the_fl.png,"A photorealistic amateur photo, natural lighting, taken on a phone camera. A bathroom with four urinals and a drain on the fl"
A_person_standing_in_front_of_a_stop_sign_in_the_d.png,"A photorealistic amateur photo, natural lighting, taken on a phone camera. A person standing in front of a stop sign in the d"
A_man_sits_on_a_bench_and_stares_into_the_distance.png,"A photorealistic amateur photo, natural lighting, taken on a phone camera. A man sits on a bench and stares into the distance"
An_old_black_and_white_photo_of_two_men_in_suits.png,"A photorealistic amateur photo, natural lighting, taken on a phone camera. An old black and white photo of two men in suits"
Benches_line_the_sidewalk_of_a_city_park_in_autumn.png,"A photorealistic amateur photo, natural lighting, taken on a phone camera. Benches line the sidewalk of a city park in autumn"
The_rear_view_mirror_of_a_cityh_bus_driving_down_a.png,"A photorealistic amateur photo, natural lighting, taken on a phone camera. The rear view mirror of a cityh bus driving down a"
A_picture_of_people_watching_TV_in_the_living_room.png,"A photorealistic amateur photo, natural lighting, taken on a phone camera. A picture of people watching TV in the living room"
Heavy_snow_covers_a_picnic_bench_next_to_a_tree.png,"A photorealistic amateur photo, natural lighting, taken on a phone camera. Heavy snow covers a picnic bench next to a tree"
A_crossroads_sign_with_a_car_parked_nearby.png,"A photorealistic amateur photo, natural lighting, taken on a phone camera. A crossroads sign with a car parked nearby"
This_room_has_a_wall_with_a_mural_on_it.png,"A photorealistic amateur photo, natural lighting, taken on a phone camera. This room has a wall with a mural on it"
A_silver_miniature_train_with_trees_in_background.png,"A photorealistic amateur photo, natural lighting, taken on a phone camera. A silver miniature train with trees in background"
a_pole_that_has_a_sign_attached_to_it.png,"A photorealistic amateur photo, natural lighting, taken on a phone camera. a pole that has a sign attached to it"
A_christmas_wreath_is_hanging_from_the_door.png,"A photorealistic amateur photo, natural lighting, taken on a phone camera. A christmas wreath is hanging from the door"
A_woman_putting_on_a_lipstick_holding_a_sharp_knif.png,"A photorealistic amateur photo, natural lighting, taken on a phone camera. A woman putting on a lipstick holding a sharp knif"
A_traffic_light_on_a_table_with_a_checkered_cloth.png,"A photorealistic amateur photo, natural lighting, taken on a phone camera. A traffic light on a table with a checkered cloth"
A_bathroom_with_a_stained_glass_and_stone_wall_and.png,"A photorealistic amateur photo, natural lighting, taken on a phone camera. A bathroom with a stained glass and stone wall and"
a_giraffe_leaning_over_a_fence_to_eat_out_of_a_bow.png,"A photorealistic amateur photo, natural lighting, taken on a phone camera. a giraffe leaning over a fence to eat out of a bow"
A_person_walking_down_a_sidewalk_at_night.png,"A photorealistic amateur photo, natural lighting, taken on a phone camera. A person walking down a sidewalk at night"
A_white_bus_sitting_on_top_of_a_grass_field.png,"A photorealistic amateur photo, natural lighting, taken on a phone camera. A white bus sitting on top of a grass field"
A_trashcan_has_been_knocked_over_in_a_kitchen.png,"A photorealistic amateur photo, natural lighting, taken on a phone camera. A trashcan has been knocked over in a kitchen"
An_empty_intersection_of_a_colorful_urban_area.png,"A photorealistic amateur photo, natural lighting, taken on a phone camera. An empty intersection of a colorful urban area"
a_small_plane_is_flying_in_the_sky.png,"A photorealistic amateur photo, natural lighting, taken on a phone camera. a small plane is flying in the sky"
A_black_lab_waits_at_a_picnic_table_for_it_s_maste.png,"A photorealistic amateur photo, natural lighting, taken on a phone camera. A black lab waits at a picnic table for it s maste"
Adult_woman_taking_self_portrait_using_camera_look.png,"A photorealistic amateur photo, natural lighting, taken on a phone camera. Adult woman taking self portrait using camera look"
A_red__grey_and_white_airplane_passes_overhead.png,"A photorealistic amateur photo, natural lighting, taken on a phone camera. A red  grey and white airplane passes overhead"
A_city_street_with_no_traffic_line_with_traffic_li.png,"A photorealistic amateur photo, natural lighting, taken on a phone camera. A city street with no traffic line with traffic li"
Two_children_under_a_Sesame_Street_sign_on_a_light.png,"A photorealistic amateur photo, natural lighting, taken on a phone camera. Two children under a Sesame Street sign on a light"
A_sign_for_Davidson_College_outside_of_one_of_its.png,"A photorealistic amateur photo, natural lighting, taken on a phone camera. A sign for Davidson College outside of one of its"
A_drawing_of_a_yellow_headphone_cord_and_an_ear_pi.png,"A photorealistic amateur photo, natural lighting, taken on a phone camera. A drawing of a yellow headphone cord and an ear pi"
A_bird_sitting_in_a_field_of_beautiful_purple_flow.png,"A photorealistic amateur photo, natural lighting, taken on a phone camera. A bird sitting in a field of beautiful purple flow"
A_hallway_with_yellow_painted_walls_and_a_light_mo.png,"A photorealistic amateur photo, natural lighting, taken on a phone camera. A hallway with yellow painted walls and a light mo"
A_park_with_many_trees_and_benches_at_night.png,"A photorealistic amateur photo, natural lighting, taken on a phone camera. A park with many trees and benches at night"
A_man_on_a_motorcycle_outside_in_a_black_and_white.png,"A photorealistic amateur photo, natural lighting, taken on a phone camera. A man on a motorcycle outside in a black and white"
A_giraffe_standing_in_a_lush_green_field.png,"A photorealistic amateur photo, natural lighting, taken on a phone camera. A giraffe standing in a lush green field"
A_series_of_photos_showing_different_restroom_item.png,"A photorealistic amateur photo, natural lighting, taken on a phone camera. A series of photos showing different restroom item"
a_big_field_of_sheep_that_are_outside.png,"A photorealistic amateur photo, natural lighting, taken on a phone camera. a big field of sheep that are outside"
some_black_and_white_train_cars_and_some_train_tra.png,"A photorealistic amateur photo, natural lighting, taken on a phone camera. some black and white train cars and some train tra"
Street_signs_are_affixed_to_a_utility_pole.png,"A photorealistic amateur photo, natural lighting, taken on a phone camera. Street signs are affixed to a utility pole"
a_bird_flying_thru_the_sky_with_mountains_in_the_b.png,"A photorealistic amateur photo, natural lighting, taken on a phone camera. a bird flying thru the sky with mountains in the b"
A_large_blue_octopus_kite_flies_above_the_people_h.png,"A photorealistic amateur photo, natural lighting, taken on a phone camera. A large blue octopus kite flies above the people h"
Small_bird_sitting_on_a_skateboard_posed_in_front.png,"A photorealistic amateur photo, natural lighting, taken on a phone camera. Small bird sitting on a skateboard posed in front"
This_is_an_open_box_containing_four_cucumbers.png,"A photorealistic amateur photo, natural lighting, taken on a phone camera. This is an open box containing four cucumbers"
A_railroad_train_heading_toward_a_traffic_light_on.png,"A photorealistic amateur photo, natural lighting, taken on a phone camera. A railroad train heading toward a traffic light on"
A_group_of_people_fishing_next_to_a_railroad_bridg.png,"A photorealistic amateur photo, natural lighting, taken on a phone camera. A group of people fishing next to a railroad bridg"
This_is_what_is_left_of_a_kitchen_in_an_abandoned.png,"A photorealistic amateur photo, natural lighting, taken on a phone camera. This is what is left of a kitchen in an abandoned"
A_black_bird_landing_on_the_leaves_in_the_water.png,"A photorealistic amateur photo, natural lighting, taken on a phone camera. A black bird landing on the leaves in the water"
A_ski_resort_that_has_a_couple_people_outside.png,"A photorealistic amateur photo, natural lighting, taken on a phone camera. A ski resort that has a couple people outside"
A_bathroom_contains_a_shower__a_sink__and_a_mirror.png,"A photorealistic amateur photo, natural lighting, taken on a phone camera. A bathroom contains a shower  a sink  and a mirror"
Several_people_standing_together_with_a_red_stopli.png,"A photorealistic amateur photo, natural lighting, taken on a phone camera. Several people standing together with a red stopli"
A_traffic_light_with_a_smile_green_light_above_a_r.png,"A photorealistic amateur photo, natural lighting, taken on a phone camera. A traffic light with a smile green light above a r"
A_bird_sitting_on_top__of_an_orange_slice.png,"A photorealistic amateur photo, natural lighting, taken on a phone camera. A bird sitting on top  of an orange slice"
A_man_walking_past_a_train_at_a_train_station.png,"A photorealistic amateur photo, natural lighting, taken on a phone camera. A man walking past a train at a train station"
A_giraffe_walking_through_the_jungle_next_to_mount.png,"A photorealistic amateur photo, natural lighting, taken on a phone camera. A giraffe walking through the jungle next to mount"
An_airplane_crossing_above_a_metal_structure_on_a.png,"A photorealistic amateur photo, natural lighting, taken on a phone camera. An airplane crossing above a metal structure on a"
A_black_and_white_photo_of_an_old_locomotive.png,"A photorealistic amateur photo, natural lighting, taken on a phone camera. A black and white photo of an old locomotive"
The_door_of_a_public_bus_with_a_reflection_of_a_wo.png,"A photorealistic amateur photo, natural lighting, taken on a phone camera. The door of a public bus with a reflection of a wo"
An_airplane_flies_up_into_the_sky_with_the_wheel_o.png,"A photorealistic amateur photo, natural lighting, taken on a phone camera. An airplane flies up into the sky with the wheel o"
A_bird_is_sitting_on_a_bench_in_the_grass.png,"A photorealistic amateur photo, natural lighting, taken on a phone camera. A bird is sitting on a bench in the grass"
Some_pans_and_kitchen_spoons_hang_from_hooks_on_a.png,"A photorealistic amateur photo, natural lighting, taken on a phone camera. Some pans and kitchen spoons hang from hooks on a"
A_bathtub_sitting_under_a_chandelier_and_next_to_a.png,"A photorealistic amateur photo, natural lighting, taken on a phone camera. A bathtub sitting under a chandelier and next to a"
A_group_of_friends_standing_next_to_each_other_at.png,"A photorealistic amateur photo, natural lighting, taken on a phone camera. A group of friends standing next to each other at"
A_foggy_view_of_an_airplane_sitting_in_a_yard.png,"A photorealistic amateur photo, natural lighting, taken on a phone camera. A foggy view of an airplane sitting in a yard"
A_bathroom_is_photographed_with_a_fisheye_filter.png,"A photorealistic amateur photo, natural lighting, taken on a phone camera. A bathroom is photographed with a fisheye filter"
a_sunset_over_the_water_with_birds_in_the_air.png,"A photorealistic amateur photo, natural lighting, taken on a phone camera. a sunset over the water with birds in the air"
A_couple_of_people_walking_down_a_sidewalk_with_st.png,"A photorealistic amateur photo, natural lighting, taken on a phone camera. A couple of people walking down a sidewalk with st"
A_green_7th_street_sign_hanging_from_a_wooden_pole.png,"A photorealistic amateur photo, natural lighting, taken on a phone camera. A green 7th street sign hanging from a wooden pole"
A_child_with_a_helmet_on_a_motor_bike.png,"A photorealistic amateur photo, natural lighting, taken on a phone camera. A child with a helmet on a motor bike"
A_small_airplane_flying_through_a_blue_sky.png,"A photorealistic amateur photo, natural lighting, taken on a phone camera. A small airplane flying through a blue sky"
ranodm_bus_pulled_over_on_the_side_of_the_road.png,"A photorealistic amateur photo, natural lighting, taken on a phone camera. ranodm bus pulled over on the side of the road"
A_cat_is_sitting_outdoors_near_a_park_bench.png,"A photorealistic amateur photo, natural lighting, taken on a phone camera. A cat is sitting outdoors near a park bench"
a_person_with_a_bat_near_many_tvs.png,"A photorealistic amateur photo, natural lighting, taken on a phone camera. a person with a bat near many tvs"
A_giraffe_sticking_its_head_in_a_feeding_basket_wi.png,"A photorealistic amateur photo, natural lighting, taken on a phone camera. A giraffe sticking its head in a feeding basket wi"
A_sign_littered_with_stickers_on_a_pole_with_a_cro.png,"A photorealistic amateur photo, natural lighting, taken on a phone camera. A sign littered with stickers on a pole with a cro"
Clear_blue_sky_s_with_a_plane_flying_by.png,"A photorealistic amateur photo, natural lighting, taken on a phone camera. Clear blue sky s with a plane flying by"
A_group_of_people_with_a_cell_phone_the_side_of_a.png,"A photorealistic amateur photo, natural lighting, taken on a phone camera. A group of people with a cell phone the side of a"
That_looks_like_a_wall_mural_in_the_background_of.png,"A photorealistic amateur photo, natural lighting, taken on a phone camera. That looks like a wall mural in the background of"
A_night_time_image_of_a_very_wide_and_crowded_city.png,"A photorealistic amateur photo, natural lighting, taken on a phone camera. A night time image of a very wide and crowded city"
A_crowd_of_passengers_standing_outside_of_a_commut.png,"A photorealistic amateur photo, natural lighting, taken on a phone camera. A crowd of passengers standing outside of a commut"
A_white_toilet_sitting_in_a_bathroom_under_a_white.png,"A photorealistic amateur photo, natural lighting, taken on a phone camera. A white toilet sitting in a bathroom under a white"
The_reflection_of_a_woman__in_a_rear_view_mirror_s.png,"A photorealistic amateur photo, natural lighting, taken on a phone camera. The reflection of a woman  in a rear view mirror s"
Several_men_sitting_in_front_of_a_large_wall.png,"A photorealistic amateur photo, natural lighting, taken on a phone camera. Several men sitting in front of a large wall"
Four_officer_are_riding_motorcycles_with_giant_let.png,"A photorealistic amateur photo, natural lighting, taken on a phone camera. Four officer are riding motorcycles with giant let"
There_is_a_bowl_of_fresh_fruit_on_the_table.png,"A photorealistic amateur photo, natural lighting, taken on a phone camera. There is a bowl of fresh fruit on the table"
The_dog_with_a_cartoon_collar_is_looking_out_of_a.png,"A photorealistic amateur photo, natural lighting, taken on a phone camera. The dog with a cartoon collar is looking out of a"
A_cow_standing_next_to_a_shelf_with_many_drinks.png,"A photorealistic amateur photo, natural lighting, taken on a phone camera. A cow standing next to a shelf with many drinks"
A_man_has_stopped_in_the_middle_of_the_street_and.png,"A photorealistic amateur photo, natural lighting, taken on a phone camera. A man has stopped in the middle of the street and"
A_car_passes_by_to_find_a_man_outside_near_a_TV.png,"A photorealistic amateur photo, natural lighting, taken on a phone camera. A car passes by to find a man outside near a TV"
A_very_nice_looking_train_by_a_plat_form.png,"A photorealistic amateur photo, natural lighting, taken on a phone camera. A very nice looking train by a plat form"
a_man_on_a_motorcycle_driving_down_a_track.png,"A photorealistic amateur photo, natural lighting, taken on a phone camera. a man on a motorcycle driving down a track"
The_graveyard_in_front_of_the_church_is_very_spook.png,"A photorealistic amateur photo, natural lighting, taken on a phone camera. The graveyard in front of the church is very spook"
A_very_cute_cat_looking_at_a_bird_by_a_bike_tire.png,"A photorealistic amateur photo, natural lighting, taken on a phone camera. A very cute cat looking at a bird by a bike tire"
An_orange_lying_next_to_a_green_utensil.png,"A photorealistic amateur photo, natural lighting, taken on a phone camera. An orange lying next to a green utensil"
A_park_bench_surrounded_by_a_green_forest_of_trees.png,"A photorealistic amateur photo, natural lighting, taken on a phone camera. A park bench surrounded by a green forest of trees"
A_photo_of_a_cat_in_black_and_white__The_person_ta.png,"A photorealistic amateur photo, natural lighting, taken on a phone camera. A photo of a cat in black and white  The person ta"
Emergency_vehicles_are_on_the_scene_of_the_acciden.png,"A photorealistic amateur photo, natural lighting, taken on a phone camera. Emergency vehicles are on the scene of the acciden"
A_foggy_day_shows_buildings_in_the_background_as_a.png,"A photorealistic amateur photo, natural lighting, taken on a phone camera. A foggy day shows buildings in the background as a"
A_black_and_white_picture_of_a_stop_sign.png,"A photorealistic amateur photo, natural lighting, taken on a phone camera. A black and white picture of a stop sign"
a_pic_with_a_hydrant_outside_in_the_field.png,"A photorealistic amateur photo, natural lighting, taken on a phone camera. a pic with a hydrant outside in the field"
